PUBLICATION_ID,MCZBASE.GET_PUBLICATION_AUTHORS_ALL(P.PUBLICATION_ID),PUBLISHED_YEAR,PUBLICATION_TITLE,JOURNAL_NAME,JOURNAL_ABBREVIATION,VOLUME_NUMBER,ISSUE_NUMBER,BEGINS_PAGE_NUMBER,ENDS_PAGE_NUMBER,PUBLISHER_NAME, ,type,title,author,journal,volume,pages,year,publisher
5731,"Agassiz, L.",1839,no article title available,Soc.Sci.Nat. Helvetica Mem.,Soc.Sci.Nat. Helvetica Mem.,3,1,87,6,, ,no result
1960,"Thomas, A.O.",1920,no article title available,Iowa Geol.Survey,Iowa Geol.Survey,29,,483,492,, ,no result
4858,"Powers, S.",1922,no article title available,Am.Jour.Sci.,Am.Jour.Sci.,3,14,105,,, ,no result
2144,William More Gabb,1864,no article title available,"Geological Survey of CA: Paleontology,","Geological Survey of CA: Paleontology,",1,,61,62,, ,no result
3356,"Walcott, C.D.",1876,no article title available,"New York State Mus.Nat.Hist., 28th,Ann.Rept.,doc.ed","New York State Mus.Nat.Hist., 28th,Ann.Rept.,doc.",,,93,,, ,no result
4407,"Kummel, B.",1969,Ammonoids of the Late Scythian (Lower Triassic),"Bull of the MCZ,","Bull of the MCZ,",137,3,476,,, ,no result
2221,"Shaw, A.B.",1966,no article title available,Jour.Paleontology,Jour.Paleontology,40,4,846,,, ,no result
4898,"Springer, F.",1901,Uintacrinus: its structure and relations.,Harvard Univ.Mus.Comp.Zoology Mem.,Harvard Univ.Mus.Comp.Zoology Mem.,25,1,19,,, ,no result
1364,"Sprinkle, J.T. and R.C. Gutschick",1990,Early Mississippian blastoids from western Montana,Harvard Univ.Mus.Comp.Zoology Bull.,Harvard Univ.Mus.Comp.Zoology Bull.,152,3,145,,, ,no result
3531,"Whittington, H.B.",1999,no article title available,Jour.Paleontology,Jour.Paleontology,73,3,427,,, ,no result
1086,Joachim Barrande,1872,no article title available,Systeme Silurien du Centre de la Boheme Supplement,Systeme Silurien du Centre de la Boheme Supplemen,1,,112,113,, ,no result
3630,"Scudder, S. H.",1882,no article title available,"Am.Jour.Sci. 3rd ser,","Am.Jour.Sci. 3rd ser,",24,141,161,162,, ,no result
1175,"Wachsmuth, C. and Frank Springer",1897,The North American Crinoidea camerata. Volume I.,Harvard Univ.Mus.Comp.Zoology Mem.,Harvard Univ.Mus.Comp.Zoology Mem.,20,,106,,, ,no result
1684,"Kammer, T.W. and Ausich, W.I.",1996,no article title available,Jour.Paleontology,Jour.Paleontology,70,5,858,15,, ,no result
880,"Jefferies, R.P.S.",1973,no article title available,Royal Soc. London Philos. Trans. Series B,Royal Soc. London Philos. Trans. Series B,265,,438,,, ,no result
2572,"Hamlin, C.E.",1884,"Results of an examination of Syrian molluscan fossils, chiefly from the range of Mount Lebanon.","Memoirs of the Museum of Comparative Zoology,","Memoirs of the Museum of Comparative Zoology,",10,3,14,15,, ,no result
5422,"Kummel, B.",1968,Additional Scythian ammonoids from Afghanistan,"Bull. of the MCZ,","Bull. of the MCZ,",136,13,490,499,, ,no result
5600,"Faul, H.",1950,no article title available,Jour.Paleontology,Jour.Paleontology,24,1,102,105,, ,no result
1419,"Hyatt, A.",1883,no article title available,"Proc. BSNH,","Proc. BSNH,",22,,295,,, ,no result
4281,"Whittington, H.B.",2002,no article title available,Jour. Paleontology,Jour. Paleontology,,,315,,, ,no result
4321,"Oliver, W.A. and Galle, A.",1970,no article title available,Sbornik Geologickych Ved.Paleontologie,Sbornik Geologickych Ved.Paleontologie,14,,89,91,, ,no result
4322,"Bronn, H.G.",1836,no article title available,Lethaea Geognostica,Lethaea Geognostica,3,,366,,, ,article,Molassen gebirge,"BRONN, HG","Lethaea Geognostica oder Abbildung und Beschreibung der f{\""u",2,,1838,
1207,"Shuler, E.W.",1915,no article title available,"Am.Jour.Sci.,ser.4,","Am.Jour.Sci.,ser.4,",39,233,551,,, ,no result
1855,"Thomas, A.T.",1978,British Wenlock Trilobites. Part 1.,"Palaeontographical Soc. London Mono.,","Palaeontographical Soc. London Mono.,",132,552,17,,, ,no result
2537,"Hughes, N.C. and Chapman, R.E.",1995,no article title available,Lethaia,Lethaia,28,,335,,, ,no result
4657,"Smith, M.",1936,no article title available,Nautilus,Nautilus,49,4,138,,, ,article,New recent and fossil mollusks from Florida,"Smith, M",The Nautilus,54,44--46,1940,
1493,"Rogalla, N.S. and Amler, M.R.W.",2003,no article title available,Cour.Forsh.-Inst.Senckenberg,Cour.Forsh.-Inst.Senckenberg,242,242,54,9,, ,no result
3846,"Ciriacks, K.W.",1963,no article title available,Am.Mus.Nat.History Bull.,Am.Mus.Nat.History Bull.,125,,79,,, ,no result
9229,"Turek, V.",2007,no article title available,Czech Bulletin of Geosciences,Czech Bulletin of Geosciences,82,1,2,,, ,no result
7045,"Buckman, S.S.",1904,no article title available,"Ammonites of the Inferior Oolite Series, pt.12,supp.","Ammonites of the Inferior Oolite Series, pt.12,su",,,85,86,, ,no result
8142,"Schneider, J.A.",1995,no article title available,"Zoologica Scripta,","Zoologica Scripta,",24,4,337,,, ,article,"Phylogeny of the Cardiidae (Mollusca, Bivalvia): Protocardiinae, Laevicardiinae, Lahilliinae, Tulongocardiinae subfam. n. and Pleuriocardiinae subfam. n.","Schneider, Jay A",Zoologica Scripta,24,321--346,1995,Wiley Online Library
8191,"Kobayashi, T.",1944,no article title available,"Jour. Faculty Science, Imperial Univ. Tokyo Section 2,","Jour. Faculty Science, Imperial Univ. Tokyo Secti",7,2,49,50,, ,no result
6055,"Wills, L.",1966,no article title available,"Arkiv for Zoologi,","Arkiv for Zoologi,",18,2,129,,, ,article,"A supplement to Gerhard Holmâ€™s â€œ{\""U","Wills, Leonard J","Arkiv f{\""o",2,93--145,1965,
6755,"Hyatt, A.",1872,Fossil Cephalopods of the Museum of Comparative Zoology ,Harvard Univ. Mus. Comp. Zoology Bull.,Harvard Univ. Mus. Comp. Zoology Bull.,5,5,91,9,, ,no result
8956,"Meek, F.B. and A.H. Worthen",1860,no article title available,Acad.Nat.Sci.Philadelphia Proc.,Acad.Nat.Sci.Philadelphia Proc.,12,,386,,, ,no result
8977,"Westermann, G.E.G.",1977,no article title available,"Paleobiology,","Paleobiology,",3,3,304,,, ,article,Hydrodynamic properties of cephalopod shell ornament,"Chamberlain Jr, John A and Westermann, Gerd EG",Paleobiology,,316--331,1976,JSTOR
7940,"Whittard, W.F.",1952,no article title available,"British Mus.(Nat.History)Bull.,Geology","British Mus.(Nat.History)Bull.,Geology",1,10,318,,, ,no result
8718,"Haugh, B.N.",1973,no article title available,"Jour.Paleontology,","Jour.Paleontology,",47,1,86,,, ,no result
1495,"Stumm, E.C.",1964,Silurian and Devonian Corals of the Falls of the Ohio,Geol.Soc.Amer.Mem.93,Geol.Soc.Amer.Mem.93,,,28,,, ,no result
2044,Francis Arthur Bather,1934,"Chelonechinus N.G., A Neogene Urechinid",Geol.Soc.Amer.Bull.,Geol.Soc.Amer.Bull.,45,4,808,832,, ,no result
5863,"Gould, S.J.",1994,no article title available,"J. of Paleontology,","J. of Paleontology,",68,5,1034,5,, ,no result
1434,"Shaw, A.B.",1966,no article title available,Jour.Paleontology,Jour.Paleontology,40,2,280,,, ,no result
2874,"Sprinkle, J.T.",1973,Morphology and evolution of blastozoan Echinoderms. Special Publication.,Harvard Univ.Mus.Comp.Zoology Spec.Pub.,Harvard Univ.Mus.Comp.Zoology Spec.Pub.,,,154,,, ,no result
4052,"Grabau, A. W.",1904,no article title available,Smithsonian Misc.Colln.,Smithsonian Misc.Colln.,44,1417,117,118,, ,no result
1856,"Whiteley,T.E., Kloc,G.J. and Brett,C.E.",2002,no article title available,Trilobites of New York: An Illustrated Guide,Trilobites of New York: An Illustrated Guide,,,121,,, ,no result
3638,"Rolfe, W.D.I.",1962,no article title available,Paleontology,Paleontology,4,,548,,, ,article,Phyllocarida,"Rolfe, WDI","Treatise on invertebrate paleontology, Part R, Arthropoda",4,R296--R331,1969,
1951,"Clark, T.H.",1919,"A section of the Trenton limestone at Martinsburg, New York",Harvard Univ.Mus.Comp.Zoology Bull.,Harvard Univ.Mus.Comp.Zoology Bull.,63,1,14,,, ,no result
1761,"Hoffman, R.L.",1963,no article title available,Jour.Paleontology,Jour.Paleontology,37,1,171,4,, ,no result
1760,"Baird, D.",1958,no article title available,Jour.Paleontology,Jour.Paleontology,32,1,239,,, ,no result
1829,"Galloway, J.J. and St.Jean, J.",1961,no article title available,Bulls.Am.Paleontology,Bulls.Am.Paleontology,43,194,32,34,, ,no result
1104,"Whittington, H.B. and K.S.W. Campbell",1967,Silicified silurian trilobites from Maine,Harvard Univ.Mus.Comp.Zoology Bull.,Harvard Univ.Mus.Comp.Zoology Bull.,135,9,457,,, ,no result
4144,"Flower, R.H.",1976,no article title available,"New Mexico Bur.Mines and Mineral Resources Mem.28,Part I",New Mexico Bur.Mines and Mineral Resources Mem.28,,,12,,, ,no result
4154,"Flower, R.H.",1952,no article title available,Jour.Paleontology,Jour.Paleontology,26,1,46,15,, ,no result
4354,"Fortey, R.",1997,no article title available,Paleontology,Paleontology,40,2,406,,, ,article,Evolutionary history,"Fortey, RA and Owens, RM","Treatise on Invertebrate Paleontology, O (Arthropoda 1, Trilobita, Revised). Geological Society of America and University of Kansas Press, Lawrence, Kansas",,249--287,1997,
2767,"Cooper, G.A.",1955,New genera of middle Paleozoic brachiopods,"Jour.Paleontology,","Jour.Paleontology,",29,1,46,,, ,no result
4625,"Lesperance, P.J.",1975,no article title available,Jour.Paleontology,Jour.Paleontology,49,1,113,117,, ,no result
8028,"Briggs, D.E.",1979,no article title available,"Palaeontology,","Palaeontology,",22,,633,,, ,no result
14420,Raymond P.E.,1944,Late Paleozoic Xiphosurans,,,,,,,, ,book,Leanchoilia and Other Mid-Cambarian Arthropoda,"Raymond, Percy Edward",,,,1935,Museum
7426,H.L. Clark,1937,no article title available,San Diego Soc.Nat.Hist.Trans.,San Diego Soc.Nat.Hist.Trans.,8,28,368,,, ,no result
7547,"Conway Morris, S.",1985,no article title available,"Philos. Trans.,","Philos. Trans.,",307,1134,528,,, ,no result
7047,"Buckman, S.S.",1899,no article title available,"Ammonites of the Inferior Oolite Series, pt.11,supp.","Ammonites of the Inferior Oolite Series, pt.11,su",,,,15,, ,no result
8613,"Parsley, R.L. and Mintz, L.W.",1975,no article title available,Bulls. Am. Paleontology,Bulls. Am. Paleontology,68,288,86,,, ,no result
8074,"Brower, J.C. and Veinus, J.",1974,no article title available,"Bulls.Am.Paleontology,","Bulls.Am.Paleontology,",66,283,98,102,, ,no result
8969,"Ruedemann, R.",1934,Paleozoic Plankton of North America,Geol.Soc.Amer.Mem. 2,Geol.Soc.Amer.Mem. 2,,,92,93,, ,no result
9347,"Gould, S.J. and Schindel, D.E.",1977,no article title available,Paleobiology,Paleobiology,3,3,261,,, ,no result
5801,"Grant, U.S. and Hertlein, L.G.",1938,no article title available,Calif.Univ.Pub.Math.Phys.Sci.,Calif.Univ.Pub.Math.Phys.Sci.,2,,104,,, ,no result
2037,"Lambert, A.E. and C.H. Hitchcock",1905,"A Trilobite (Dalmanites lunatus) from Littleton, N.H., with notes on other fossils from the same locality","A Trilobite (Dalmanites lunatus) from Littleton, N.H., with notes on other fossils from the same locality.","A Trilobite (Dalmanites lunatus) from Littleton, ",,,36,37,, ,no result
4769,"Pojeta, J. and Runnegar, B.",1976,no article title available,U.S. Geol.Survey Prof.Paper 968,U.S. Geol.Survey Prof.Paper 968,,,76,77,, ,no result
2818,"Okulitch, V.J.",1935,Cyathospongia—A new class of Porifera to include Archaeocyathinae,Royal Soc.Canada Trans. 3rd ser.,Royal Soc.Canada Trans. 3rd ser.,29,,101,,, ,no result
4863,"Walcott, C.D.",1889,no article title available,U.S.Natl.Mus.Proc.,U.S.Natl.Mus.Proc.,12,775,365,,, ,no result
4865,"Miller, S.A.",1874,no article title available,Cincinnati Quart.Jour.Sci.,Cincinnati Quart.Jour.Sci.,1,4,347,,, ,article,Notes and Descriptions of Cincinnati Group Fossils,"Miller, SA",Cincinnati Quart. Jour. Sci,1,,1874,
3358,"Ulrich, E.O. and Scofield, W.H.",1897,no article title available,Minnesota Geol.Nat.Hist.Survey Final Report,Minnesota Geol.Nat.Hist.Survey Final Report,3,,823,,, ,no result
6049,"Wills, L.",1964,no article title available,"Palaeontology,","Palaeontology,",7,,476,9,, ,article,"Cyprilepas holmi Wills 1962, a pedunculate cirripede from the Upper Silurian of Oesel, Esthonia","Wills, LJ",Palaeontology,6,161--165,1963,
2331,"Whittington, H.B.",1968,"The Ordovician Trilobites of the Bala Area, Merioneth","Paleontographical Soc.London Mono. Part IV,","Paleontographical Soc.London Mono. Part IV,",122,520,104,,, ,no result
2352,"Bruton, D.L.",1968,no article title available,Skrifter Utgitt av Det Norske Videnskaps-Akademi I Oslo. I Mat.-Naturv. Klasse. Ny Serie. No. 25,Skrifter Utgitt av Det Norske Videnskaps-Akademi ,,,38,42,, ,no result
1740,"Ristedt, H.",1971,no article title available,"Palaeontographica Abt. A,","Palaeontographica Abt. A,",137,,189,,, ,no result
867,"Walcott, C.D.",1883,no article title available,Albany Inst.Trans.,Albany Inst.Trans.,10,,20,,, ,no result
3557,"Clark, T.H.",1923,no article title available,Canadian Field Naturalist,Canadian Field Naturalist,37,7,121,122,, ,article,"A group of new species of Agnostus from Levis, Quebec","Clark, TH",Canadian Field Naturalist,37,121--125,1923,
3631,"Scudder, S. H.",1884,no article title available,Boston Soc.Nat.Hist.Mem.,Boston Soc.Nat.Hist.Mem.,3,9,283,,, ,no result
1067,"Kammer, T.W. and Gahn, F.J.",2003,no article title available,Jour. Paleontology,Jour. Paleontology,1,1,131,,, ,no result
1721,"Rich, M.",1966,no article title available,"J. of Paleontology,","J. of Paleontology,",40,6,1381,1384,, ,no result
1242,"Hyatt, A.",1894,no article title available,Am.Philos.Soc.Proc.,Am.Philos.Soc.Proc.,32,143,475,,, ,no result
1426,"Saemann, L.",1853,no article title available,"Palaeontographica,v.III","Palaeontographica,v.III",,,166,,, ,no result
4091,"Pojeta, J and Runnegar, B.",1974,no article title available,Am.Scientist,Am.Scientist,62,6,709,,, ,no result
5663,"Hall, J.",1871,Description of new species of Crinoidea and other fossils from strata of the age of the Hudson-River Group and Trenton limestone,Advance copy of 24th Rept.on State Cab.Nat.History,Advance copy of 24th Rept.on State Cab.Nat.Histor,,,3,,, ,no result
1449,"Whiteley, T.E.",1997,no article title available,American Paleontologist,American Paleontologist,5,2,,,, ,article,"Fossil lagerst{\""a","Whiteley, TE and Kloc, GL",American Paleontologist,7,2--3,1999,
5685,"Bell, B.M.",1976,no article title available,New York State Mus.and Sci.Service Mem.21,New York State Mus.and Sci.Service Mem.21,,,116,,, ,no result
9131,"Mutvei, H.",1964,no article title available,Arkiv for Zoologi,Arkiv for Zoologi,,,398,,, ,no result
6343,"Flower, R.H.",1942,no article title available,"Jour.Paleontology,","Jour.Paleontology,",27,105,19,,, ,no result
6404,"Whittington, H.B.",1961,A natural history of trilobites,Smithsonian Inst.Ann.Rept. 1961,Smithsonian Inst.Ann.Rept. 1961,,,409,,, ,no result
7645,"Resser, C.E.",1937,no article title available,Jour.Paleontology,Jour.Paleontology,11,1,52,53,, ,no result
8595,"Rogers, W.B.",1854,no article title available,Boston Soc.Nat.Hist.Proc.,Boston Soc.Nat.Hist.Proc.,5,,14,18,, ,no result
9439,"Budil, P., Horbinger,F. and R. Mencl",2009,no article title available,"EARTH ENV. SCI. TRANS. ROYAL SOC. EDINBURGH,","EARTH ENV. SCI. TRANS. ROYAL SOC. EDINBURGH,",99,,76,,, ,no result
6748,"Miller, A.K., Dunbar, C.O. and Condra, G.E.",1933,"The nautiloid cephalopods of the Pennsylvanian system in the Midcontinent
region","Nebraska Geol. Surv. Bull. ser. 2,","Nebraska Geol. Surv. Bull. ser. 2,",,,195,,, ,no result
7089,"Macurda, D.B.",1966,no article title available,Jour.Paleontology,Jour.Paleontology,40,1,103,18,, ,no result
7714,"Johnson, C.W.",1910,no article title available,Nautilus,Nautilus,24,1,11,12,, ,article,Ancyli adhering to water beetles,"Johnson, CW",Nautilus,17,120,1904,
7758,"Raymond, P.E.",1921,no article title available,Boston Soc.Nat.Hist.Proc.,Boston Soc.Nat.Hist.Proc.,36,36,168,,, ,no result
8747,"Bohaty,J.",2009,no article title available,Jour. Paleontology,Jour. Paleontology,83,1,49,,, ,no result
5336,"Jackson, R.T. and T.A. Jaggar",1896,Studies of <i>Melonites multiporus</i>,Geol.Soc.Amer.Bull.,Geol.Soc.Amer.Bull.,7,,137,,, ,no result
2039,"Moore, R.C.",1957,no article title available,Treatise on Invertebrate Paleontology,Treatise on Invertebrate Paleontology,,,,,, ,article,Inarticulata,"Rowell, AJ and Moore, RC","Brachiopoda.-Treatise on Invertebrate Paleontology, Geological Society of America, New York, and University of Kansas, Lawrence, Part H",,260--296,1965,
2739,"Grabau, A. W.",1900,no article title available,Boston Soc.Nat.Hist. Occasional Papers,Boston Soc.Nat.Hist. Occasional Papers,4,,681,694,, ,no result
4868,"Osgood, R.G.,Jr.",1970,Trace Fossils of the Cincinnati Area,Palaeontographica Americana,Palaeontographica Americana,6,41,296,,, ,no result
4998,"Arnold, B.W., H.L. Clark and H.L. Hawkins",1927,Jamaican fossil Echini. With descriptions of new species of Cainozoic Echinoidea.,Harvard Univ.Mus.Comp.Zoology Mem.,Harvard Univ.Mus.Comp.Zoology Mem.,50,1,63,64,, ,no result
5867,"Raymond, P.E. and D.C. Barton",1913,A revision of the American species of <i>Ceraurus</i>,Harvard Univ.Mus.Comp.Zoology Bull.,Harvard Univ.Mus.Comp.Zoology Bull.,54,20,534,535,, ,no result
1423,"Hyatt, A.",1893,no article title available,Geological Survey of Texas (1892),Geological Survey of Texas (1892),,,439,440,, ,no result
4359,"Geinitz, H.B.",1866,no article title available,Carbonformation und Dyas in Nebraska,Carbonformation und Dyas in Nebraska,,,64,,, ,no result
4404,"Kummel, B.",1966,"The lower Triassic formations of the Salt Range and Trans-Indus Ranges, West Pakistan","Bull. of the MCZ,","Bull. of the MCZ,",134,10,393,394,, ,no result
3954,"Hyatt, A.",1889,Genesis of the Arietidae.,"Memoirs of the MCZ,","Memoirs of the MCZ,",16,3,65,66,, ,no result
4463,"Whittington, H.B.",1940,no article title available,Am.Jour.Sci.,Am.Jour.Sci.,238,4,247,,, ,no result
2266,"Albritton, C.C., Jr.",1937,"Upper Jurassic and Lower Cretaceous ammonites of the Malone Mountains, Trans-Pecos Texas","Bull. of the MCZ,","Bull. of the MCZ,",80,10,393,5,, ,no result
864,"Ruedemann, R.",1930,no article title available,"Am.Jour.Sci.,ser.5,","Am.Jour.Sci.,ser.5,",20,118,308,311,, ,no result
2350,"Hall, J. and Whitfield, R.P.",1877,no article title available,"United States Geol.Explo. Fortieth Parallel. Clarence King, Geologist in charge.",United States Geol.Explo. Fortieth Parallel. Clar,4,2,226,,, ,no result
2373,"Rolfe, W.D.I.",1963,no article title available,Jour.Paleontology,Jour.Paleontology,37,2,486,,, ,no result
3553,"Rolfe, W.D.I.",1969,no article title available,The Treatise on Invertebrate Paleontology pt.R,The Treatise on Invertebrate Paleontology pt.R,,,,,, ,article,"Phyllocarida, p. T295--T331","Rolfe, WDI","Treatise on Invertebrate Paleontology, Pt. R, Arthropoda",4,,1969,
1615,"Meek, F.B.",1873,no article title available,Ohio Geol.Survey,Ohio Geol.Survey,1,,,,, ,no result
4100,"Rogers, W.B. and Rogers, H.B.",1837,no article title available,Am.Philos.Soc.Trans.,Am.Philos.Soc.Trans.,5,14,333,,, ,no result
1876,"Meek, F.B. and A.H. Worthen",1866,no article title available,Illinois Geol.Survey,Illinois Geol.Survey,2,,173,,, ,no result
3976,"Clark, T.H.",1917,New Blastoids and Brachiopods from the Rocky Mountains,Harvard Univ.Mus.Comp.Zoology Bull.,Harvard Univ.Mus.Comp.Zoology Bull.,61,9,377,,, ,no result
1755,"Schweitzer, C.E. and Feldmann, R.M.",2000,no article title available,Contr.Zoology,Contr.Zoology,69,4,6,,, ,no result
1120,"Haugh, B.N.",1975,no article title available,"Jour.Paleontology,","Jour.Paleontology,",49,3,483,,, ,no result
4140,"Flower, R.H.",1968,no article title available,"New Mexico Bur.Mines and Mineral Resources Mem.19,Part I",New Mexico Bur.Mines and Mineral Resources Mem.19,,,8,9,, ,no result
4162,"Parsley, R.L.",1998,no article title available,Vestnik Ceskeho geologickeho ustavu,Vestnik Ceskeho geologickeho ustavu,73,3,258,260,, ,no result
4262,"Newell, F.H.",1888,no article title available,Boston Soc.Nat.Hist.,Boston Soc.Nat.Hist.,23,,484,,, ,no result
1290,"Ulrich, E.O.",1879,no article title available,Cincinnati Soc.Nat.Hist.Jour.,Cincinnati Soc.Nat.Hist.Jour.,2,1,9,,, ,no result
1420,"DeKoninck, L.G.",1851,no article title available,Descr. de Animaux Fossiles...Carbonaire de Belgique,Descr. de Animaux Fossiles...Carbonaire de Belgiq,,,710,1,, ,no result
2667,"Cleaves, A.B. and Fox, E.F.",1935,"Geology of the West End of Ymer Island, East Greenland",Geol.Soc.Amer.Bull.,Geol.Soc.Amer.Bull.,46,,473,,, ,no result
4668,"Laub, R.S., W. A. Oliver Jr., W. J. Sando, S. D. Cairns, A. G. Coates, F.M. Bayer and J. E. Sorauf",1984,"<i>Linchenaria</i> Winchell & Schuchert, 1895, <i>Lamottia</i> Raymond, 1924 and the early history of the tabulate corals <i>in</i> the Paleobiology and Geology of the Cnidaria. Proceedings of the Fourth International Symposium on Fossil Cnidaria held in Washington, DC, U.S.A., August, 1983",Palaeontographica Americana,Palaeontographica Americana,54,54,160,12,, ,no result
4712,"Cisne, J.L.",1975,no article title available,Fossil and Strata,Fossil and Strata,4,4,48,,, ,no result
4720,"Erben, H.K.",1966,no article title available,Neus Jahrb.Geologie U.Palaontologie Abh.,Neus Jahrb.Geologie U.Palaontologie Abh.,125,,184,188,, ,no result
1461,"Walcott, C.D.",1918,no article title available,Smithsonian Misc. Colln.,Smithsonian Misc. Colln.,67,4,147,148,, ,no result
9046,"Teichert, C. and B. Kummel",1973,"Nautiloid cephalopods from the Julfa beds, Upper Permian, Northwest Iran",Harvard Univ.Mus.Comp.Zoology Bull.,Harvard Univ.Mus.Comp.Zoology Bull.,144,6,414,,, ,no result
9164,"Miller, S.A.",1874,no article title available,Cincinnati Quart.Jour.Sci.,Cincinnati Quart.Jour.Sci.,1,2,123,,, ,article,Notes and Descriptions of Cincinnati Group Fossils,"Miller, SA",Cincinnati Quart. Jour. Sci,1,,1874,
7279,"Kier, P.M.",1962,no article title available,Smithsonian Misc.Colln.,Smithsonian Misc.Colln.,144,3,129,130,, ,no result
7539,"Rolfe, W.D.I.",1962,Two new arthropod carapaces from the Burgess Shale (Middle Cambrian) of Canada,"Breviora,","Breviora,",160,160,1,,, ,article,A new phyllocarid crustacean from the Upper Devonian of Ohio,"Rolfe, WD Ian",Breviora,151,1--7,1962,
7544,"Conway Morris, S.",1979,no article title available,"Ann. Review of Ecology and Systematics,","Ann. Review of Ecology and Systematics,",10,,333,,, ,no result
7177,"White, C.A.",1880,no article title available,"12th Annual Rept.,U.S.Geol.and Geog.Survey of the Territories, pt.1","12th Annual Rept.,U.S.Geol.and Geog.Survey of the",,,149,,, ,no result
7004,"Macurda, D.B.",1964,no article title available,Jour.Paleontology,Jour.Paleontology,38,2,367,377,, ,no result
7042,"Buckman, J.",1881,no article title available,"Quart. Journ. Geol. Soc.,","Quart. Journ. Geol. Soc.,",37,,61,,, ,no result
8943,"Jackson, R.T.",1899,no article title available,"Mem. Boston Soc. Nat. Hist.,","Mem. Boston Soc. Nat. Hist.,",5,4,134,6,, ,no result
7906,"Bowen, Z.P.",1966,Intraspecific variation in the brachial cardinalia of Atrypa reticularis,"J. of Paleontology,","J. of Paleontology,",40,5,1017,1021,, ,no result
9493,"Theokritoff, G.",2007,no article title available,"NORTHEASTERN GEO.ENV.SCI.,","NORTHEASTERN GEO.ENV.SCI.,",29,3,178,,, ,no result
10380,"Wachsmuth, C. and Frank Springer",1897,no article title available,Harvard Univ.Mus.Comp.Zoology Mem.,Harvard Univ.Mus.Comp.Zoology Mem.,21,,557,,, ,no result
5006,"Arnold, B.W. and H.L. Clark",1934,Some additional fossil Echini from Jamaica.,Harvard Univ.Mus.Comp.Zoology Mem.,Harvard Univ.Mus.Comp.Zoology Mem.,54,2,156,,, ,no result
1718,"Shaw, A.B.",1966,no article title available,Jour.Paleontology,Jour.Paleontology,40,6,1321,,, ,no result
3916,"Kummel, B. and Steele, G.",1962,no article title available,"Journal of Paleontology,","Journal of Paleontology,",36,4,681,699,, ,no result
4813,"Petuch, E.J.",1988,no article title available,Jour. Paleomalacology,Jour. Paleomalacology,1,2,36,,, ,no result
14132,"Willard, B. and P.E. Raymond",1928,The Brachiopods of the ottosee and holston formations of Tennessee and Virginia and The Brachiopods of the lenoir and athens formations of Tennessee and Virginia ,,,,,,,, ,no result
2877,"Moore, R.C.",1966,no article title available,Treatise on Invert. Paleo. Part U,Treatise on Invert. Paleo. Part U,,,,7,, ,no result
875,"Rudwick, M.J.S.",1965,no article title available,Palaeont.Zeitschr.,Palaeont.Zeitschr.,39,3,143,144,, ,no result
2372,"Rolfe, W.D.I.",1962,no article title available,Jour.Paleontology,Jour.Paleontology,36,5,914,,, ,no result
2375,"Sprinkle, J.T. and Kolata, D.R.",1982,no article title available,Kansas Univ. Paleont. Contr. Mon.,Kansas Univ. Paleont. Contr. Mon.,1,1,211,20,, ,no result
2569,"Allmon, W.D.",1990,no article title available,"Bulls. Am. Paleontology,","Bulls. Am. Paleontology,",99,335,,45,, ,no result
1188,"Meek, F.B. and A.H. Worthen",1861,Descriptions of new paleozoic fossils from Illinois and Iowa,Acad.Nat.Sci.Philadelphia Proc. ser.1,Acad.Nat.Sci.Philadelphia Proc. ser.1,13,,129,,, ,no result
1477,"Raymond, P.E.",1920,no article title available,Connecticut Acad. Arts and Sci. Mem.,Connecticut Acad. Arts and Sci. Mem.,7,,79,,, ,article,"Trilobita (in Zittel-Eastman"" Textbook of Palaeontology,"" ) London. 1920. The Appendages, Anatomy, and Relationships of Trilobites","Raymond, PE",Mem. Connecticut Acad. Arts and Sci,,309--313,1913,
1742,"Crosby, W.O.",1900,no article title available,Occasional Papers of the Boston Society of Natural History,Occ. Papers Boston Soc. N. H.,1,,674,679,, ,no result
889,"Bell, B.M. and J.T. Sprinkle",1978,no article title available,Jour.Paleontology,Jour.Paleontology,52,2,247,,, ,no result
5411,"D'Orbigny, A.",1844,no article title available,Paleontologie Francaise-Terrains Jurassiques,Paleontologie Francaise-Terrains Jurassiques,,,304,305,, ,no result
4030,"Hyatt, A.",1866,The fossil Cephalopods of the Museum of Comparative Zoology,"Bulletin of the MCZ,","Bulletin of the MCZ,",1,5,75,,, ,no result
1116,Frank Springer,1926,no article title available,"Smithsonian Misc.Colln.,pub.2871","Smithsonian Misc.Colln.,pub.2871",,,123,,, ,no result
4090,"Newell, N.D. and Boyd, D.W.",1981,no article title available,Jour.Paleontology,Jour.Paleontology,55,1,62,64,, ,no result
5638,"Pain, T. and D. Beatty",1964,A new species of freshwater gastropod mollusc of the genus <i>Saulea </i>from the Miocene of Kenya,Breviora,Breviora,212,212,1,3,Museum of Comparative Zoology, ,no result
1415,"Bradley, J.H.",1921,The Brachiopoda of the Maquoketa of Iowa,Harvard Univ.Mus.Comp.Zoology Bull.,Harvard Univ.Mus.Comp.Zoology Bull.,64,6,506,,, ,no result
2613,"Roemer, A.",1852,no article title available,"Palaenotographica V.III,N.2","Palaenotographica V.III,N.2",2,2,70,,, ,no result
3724,"Rasetti, F.",1952,no article title available,Jour.Paleontology,Jour.Paleontology,26,3,446,,, ,no result
2645,"Phleger, F.B.",1935,Some Ordovician cystids from Russia,Harvard Univ.Mus.Comp.Zoology Bull.,Harvard Univ.Mus.Comp.Zoology Bull.,76,5,193,,, ,no result
2725,"Moore, R.C.",1959,no article title available,Treatise on Invert. Paleo. Part O,Treatise on Invert. Paleo. Part O,,,504,,, ,no result
4642,Joachim Barrande,1866,no article title available,Systeme Silurien du Centre de la Boheme Suppleme,Systeme Silurien du Centre de la Boheme Suppleme,,,574,3,, ,no result
4667,"Dall, W.H.",1894,"Cruise of the steam yacht ""Wild Duck"" in the Bahamas, January to April, 1893, in charge of Alexander Agassiz. II. Notes on the shells collected from the shores of the Great Lagoon, Watling Island, Bahamas","Harvard Univ.Mus.Comp.Zoology Bull.25,","Harvard Univ.Mus.Comp.Zoology Bull.25,",9,9,120,121,, ,no result
4716,D.E. Briggs and G.D. Edgecombe,1992,no article title available,Natural History,Natural History,101,11,36,,, ,no result
5684,"Hall, J.",1866,Contributions to Palaeontology,Advance copy of 20th Rept.on State Cab.Nat.History,Advance copy of 20th Rept.on State Cab.Nat.Histor,,,7,,, ,no result
3876,"Brower, J.C.",2005,no article title available,Jour. Paleontology,Jour. Paleontology,1,1,155,,, ,no result
9222,"Copper, P.",2002,no article title available,"Treatise on Invertebrate Paleontology, Brachiopoda, v.H,","Treatise on Invertebrate Paleontology, Brachiopod",4,4,1447,,, ,no result
6378,"Hotchkiss, F.H.C.",1999,no article title available,Jour.Czech Geol.Soc.,Jour.Czech Geol.Soc.,44,,333,,, ,no result
6397,"Runnegar, B.",1974,no article title available,Jour.Paleontology,Jour.Paleontology,48,5,931,3,, ,no result
7545,"Conway Morris, S.",1989,no article title available,"Science,","Science,",246,,340,,, ,article,Burgess Shale faunas and the Cambrian explosion,"Morris, S Conway",Science,246,339--346,1989,American Association for the Advancement of Science
7542,"Conway Morris, S. and Whittington, H.",1979,no article title available,"Scientific American,","Scientific American,",241,1,128,,, ,no result
8922,"Evitt, W.R. and H.B. Whittington",1953,no article title available,Jour.Paleontology,Jour.Paleontology,27,1,49,55,, ,no result
9094,"Whittington, H.B.",1956,no article title available,Jour.Paleontology,Jour.Paleontology,30,3,509,,, ,no result
9340,"Mikulic, D.G. and Kluessendorf, J.",2007,no article title available,Fabulous Fossils - 300 years of Worldwide Research on Trilobites,Fabulous Fossils - 300 years of Worldwide Researc,,,162,,, ,no result
6455,"Walcott, C.D.",1916,no article title available,Smithsonian Misc.Colln.,Smithsonian Misc.Colln.,64,3,179,,, ,no result
7695,"Hartman, J.H.",1998,no article title available,Bivalves: An Eon of Evolution,Bivalves: An Eon of Evolution,,,336,,, ,inproceedings,The biostratigraphy and paleontology of latest Cretaceous and Paleocene freshwater bivalves from the western Williston Basin,"Hartman, Joseph H",,,317--345,1998,
7809,"Yochelson, E.L.",1970,no article title available,U.S.Geol.Survey Prof.Paper 683-B,U.S.Geol.Survey Prof.Paper 683-B,,,,,, ,no result
2859,"Jackson, R.T.",1896,Studies of Palæechinoidea,Geol.Soc.Amer.Bull.,Geol.Soc.Amer.Bull.,7,,222,,, ,no result
5797,"Desor, E.",1847,no article title available,France Geol.Soc.Bull.,France Geol.Soc.Bull.,4,2,287,288,, ,no result
2036,"Hitchcock, C.H.",1904,New studies in the Ammonoosuc district of New Hampshire,Geol.Soc.Amer.Bull 15,Geol.Soc.Amer.Bull 15,,,480,482,, ,no result
1943,"Miller, S.A. and C.B. Dyer",1878,no article title available,Cincinnati Soc.Nat.Hist.Jour.,Cincinnati Soc.Nat.Hist.Jour.,1,1,36,,, ,no result
5887,"Shaw, A. B.",1966,no article title available,Jour.Paleontology,Jour.Paleontology,40,6,1326,,, ,no result
2123,"Miller, A.K. and H. Garner",1953,no article title available,Michigan Univ. Mus. Paleontology Contr.,Michigan Univ. Mus. Paleontology Contr.,11,6,116,,, ,no result
3364,"Parsley, R.L",1991,no article title available,"Bulls.Am.Paleontology,","Bulls.Am.Paleontology,",100,336,37,,, ,no result
4367,"Whittington, H.B.",1950,no article title available,Jour.Paleontology,Jour.Paleontology,24,5,550,551,, ,no result
4835,"Walcott, C.D.",1884,no article title available,U.S.Geol.Survey Bull,U.S.Geol.Survey Bull,10,10,44,,, ,no result
5160,"Whittington, H.B.",2003,no article title available,Jour. Paleontology,Jour. Paleontology,77,4,699,701,, ,no result
4045,"Wood, E.",1914,no article title available,New York Acad.Sci.Annals,New York Acad.Sci.Annals,24,,7,,, ,no result
1020,"Meek, F.B. and A.H. Worthen",1868,no article title available,Illinois Geol.Survey,Illinois Geol.Survey,3,,492,,, ,no result
1739,"Raymond, P.E.",1916,no article title available,Ottawa Naturalist,Ottawa Naturalist,29,,138,,, ,article,On the genera of the Eodiscidae,"Raymond, PE",Ottawa Naturalist,27,101--106,1913,
902,"Hauser, J.",1999,no article title available,Die Crinoiden der Frasnes-Stufe (Oberdevon),Die Crinoiden der Frasnes-Stufe (Oberdevon),,,61,,, ,no result
3244,"Lieberman, B.",1999,no article title available,Yale Univ.Peabody Mus.Nat.Hist.Bull.,Yale Univ.Peabody Mus.Nat.Hist.Bull.,45,45,101,,, ,no result
3204,"Merrill, J.A.",1895,Fossil sponges of the flint nodules in the lower Cretaceous of Texas,Harvard Univ.Mus.Comp.Zoology Bull.,Harvard Univ.Mus.Comp.Zoology Bull.,28,1,11,20,, ,no result
908,"Walcott, C.D.",1881,The trilobite: New and old evidence relating to its organization,Harvard Univ.Mus.Comp.Zoology Bull.,Harvard Univ.Mus.Comp.Zoology Bull.,8,10,,,, ,no result
4092,"Pojeta, J",1975,no article title available,Bulls.Am.Paleontology,Bulls.Am.Paleontology,67,287,368,370,, ,no result
4319,"Raymond, P.E.",1925,no article title available,Boston Soc.Nat.Hist. Occasional Papers,Boston Soc.Nat.Hist. Occasional Papers,5,,183,185,, ,no result
14147,"Bangs, O.",1913,The land mammals of Newfoundland,,,,,,,, ,book,Notes on the birds and mammals of the arctic coast of East Siberia,"Thayer, John Eliot and Bangs, Outram and Allen, Glover Morrill and Club, New England Zoological",,,,1914,publisher not identified
5672,"Boucot, A.J.",1990,no article title available,Evolutionary Paleobio.of Behavior and Coevolution,Evolutionary Paleobio.of Behavior and Coevolution,,,66,68,, ,no result
1450,"Whiteley,T.E., P. Gilman and Kloc,G.J.",1997,no article title available,Am.Paleontologist,Am.Paleontologist,5,2,2,,, ,no result
4666,"Conrad, T.A.",1874,no article title available,Acad.Nat.Sci.Philadelphia Proc.,Acad.Nat.Sci.Philadelphia Proc.,26,,83,,, ,no result
4690,"Foerste, A.F.",1928,no article title available,Denison Univ.Sci.Lab.Jour.,Denison Univ.Sci.Lab.Jour.,23,1,108,110,, ,no result
6383,"Foerste, A.F.",1929,no article title available,Denison Univ.Sci.Lab.Jour.,Denison Univ.Sci.Lab.Jour.,24,10,332,,, ,no result
7286,"Kesling,R. and Christopher R.C. Paul",1971,no article title available,Michigan Univ.Mus.Paleontology Contr.,Michigan Univ.Mus.Paleontology Contr.,23,14,,228,, ,no result
8627,"Sprinkle, J.T.",1974,no article title available,"Jour.Paleontology,","Jour.Paleontology,",48,,1179,12,, ,no result
8515,"Buckman, S.S.",1905,no article title available,"Ammonites of the Inferior Oolite Series, pt.13,supp.","Ammonites of the Inferior Oolite Series, pt.13,su",,,,,, ,no result
7182,"Canu, F. and R.S. Bassler",1926,no article title available,U.S.Natl.Mus.Proc.,U.S.Natl.Mus.Proc.,67,,35,4,, ,no result
8141,"Conway Morris, S. and Collins, D.H.",1996,no article title available,"Philo. Trans. Royal Society of London, Series B,","Philo. Trans. Royal Society of London, Series B,",351,1337,287,7,, ,no result
6053,"Bassler, R.S.",1936,"Geology and paleontology of the Georges Bank Canyons, Part III. Cretaceous bryozoan from Georges Bank","Geol.Soc.Amer.Bull. 47,","Geol.Soc.Amer.Bull. 47,",3,3,411,412,, ,no result
6932,"Bermúdez , P.J.",1935,no article title available,Soc.Cubana.Hist.Nat.Mem.,Soc.Cubana.Hist.Nat.Mem.,9,3,152,,, ,no result
6868,"Fay, R.O.",1961,no article title available,U of KS:Paleo. Contrib. Echino. pt.3,U of KS:Paleo. Contrib. Echino. pt.3,,,54,3,, ,no result
7043,"Buckman, S.S.",1887,Inferior Oolite Ammonites,"Ammonites of the Inferior Oolite Series, pt.1","Ammonites of the Inferior Oolite Series, pt.1",,,20,,, ,no result
8942,"Kummel, B.",1953,no article title available,"Meddelelser om Gronland,","Meddelelser om Gronland,",127,1,12,16,, ,no result
7696,"Morris, P.J. and Williamson, P.G.",1988,no article title available,"J. of Paleontology,","J. of Paleontology,",62,5,758,60,, ,no result
1024,"Meek, F.B. and A.H. Worthen",1873,no article title available,Illinois Geol.Survey,Illinois Geol.Survey,5,,412,,, ,no result
4754,"Petuch, E.J.",1986,no article title available,Jour.Costal Research,Jour.Costal Research,2,4,400,,, ,no result
4997,"Donovan, S.K.",1993,Jamaican Cenozoic Echinoidea,Geol.Soc.Amer.Mem. 182,Geol.Soc.Amer.Mem. 182,,,402,,, ,no result
1430,"Moore, R.C. edit.",1964,no article title available,Treatise on Invertebrate Paleontology,Treatise on Invertebrate Paleontology,,,,,, ,no result
1099,"Raymond, P.E.",1925,Some trilobites of the Lower Middle Ordovician of eastern North America ,Harvard Univ.Mus.Comp.Zoology Bull,Harvard Univ.Mus.Comp.Zoology Bull,67,1,62,,, ,no result
2177,"Saul, J.M.",1967,no article title available,"J. of Paleontology,","J. of Paleontology,",41,5,1128,,, ,no result
14446,"Cloud, P.E.",1948,Brachiopods from the Lower Ordovician of Texas,,,,,,,, ,article,Physical limits of glauconite formation,"Cloud Jr, Preston E",AAPG Bulletin,39,484--492,1955,American Association of Petroleum Geologists
2338,"Norford, B.S.",1973,no article title available,"Geological Society of Canada, Bull. 222","Geological Society of Canada, Bull. 222",,,22,3,, ,no result
3467,"Ristedt, H.",1968,no article title available,"Akademie der Wissenschaften und der Literatur,","Akademie der Wissenschaften und der Literatur,",4,4,245,6,, ,article,Revision of the Orthoceratidae,"Ristedt, Heinrich",,,,1968,Verlag der Akademie der Wissenschaften und der Literatur; In Kommission bei Franz Steiner Verlag
934,"Brett,C.E., Whiteley, T. and P. Allison",1999,no article title available,Jour.Paleontology,Jour.Paleontology,73,2,295,,, ,no result
1734,"Walcott, C.D.",1879,no article title available,New York State Mus. Ann. Rept. 31,New York State Mus. Ann. Rept. 31,,,69,70,, ,no result
1737,"Prantl, F. and Pribyl, A.",1949,no article title available,"Rozpravy, s","Rozpravy, s",,,188,189,, ,no result
3258,"Jackson, R.T.",1890,no article title available,Boston Soc.Nat.Hist.Mem.,Boston Soc.Nat.Hist.Mem.,4,8,332,,, ,no result
5597,"Burr, H.T.",1900,no article title available,Am.Geologist,Am.Geologist,25,,49,,, ,no result
1117,"Moore, R.C.",1962,no article title available,Kansas Univ.Paleont.Contr. Art.4,Kansas Univ.Paleont.Contr. Art.4,,,31,,, ,no result
4133,"Smith, M.",1937,no article title available,"Nautilus,","Nautilus,",51,2,67,,, ,article,New recent and fossil mollusks from Florida,"Smith, M",The Nautilus,54,44--46,1940,
4331,"Welby, C.W.",1965,no article title available,Jour.Paleontology,Jour.Paleontology,39,2,288,289,, ,no result
2555,"Vaughan, T.H. and J.E. Hoffmeister",1925,New species of fossil corals from the Dominican Republic ,"Bull. of the Museum of Comparative Zoology,","Bull. of the Museum of Comparative Zoology,",67,8,316,,, ,no result
3701,"Maletz, J. and Mitchell, C.E.",1996,no article title available,Jour.Paleontology,Jour.Paleontology,70,4,647,650,, ,no result
2681,"Rathbun, M.J.",1935,no article title available,Geol.Soc.Amer.Spec.Paper,Geol.Soc.Amer.Spec.Paper,2,2,35,3,, ,no result
2754,"Bohaty, J.",2005,no article title available,Palaeont. Zeitschr.,Palaeont. Zeitschr.,79,2,220,,, ,no result
4692,"John, D.L., N.C. Hughes, M.I. Galaviz, G.O. Gunderson and R. Meyer",2010,no article title available,"JOUR.PALEONTOLOGY,","JOUR.PALEONTOLOGY,",84,1,14,15,, ,no result
9086,"Miller, S.A.",1874,no article title available,Cincinnati Quart.Jour.Sci.,Cincinnati Quart.Jour.Sci.,1,3,234,,, ,article,Notes and Descriptions of Cincinnati Group Fossils,"Miller, SA",Cincinnati Quart. Jour. Sci,1,,1874,
7601,"Buckman, S.S.",1888,no article title available,"Ammonites of the Inferior Oolite Series, pt.2","Ammonites of the Inferior Oolite Series, pt.2",,,35,53,, ,no result
7892,"Bowen, Z.P.",1967,Brachiopoda of the Keyser Limestone (Silurian-Devonian) of Maryland and Adjacent Areas,GSA Memoir 102,GSA Memoir 102,,,63,64,, ,no result
7167,"Burbank, L.S.",1871,no article title available,Boston Soc.Nat.Hist.Proc.,Boston Soc.Nat.Hist.Proc.,14,,196,197,, ,no result
8145,"Brower, J.C.",1965,no article title available,"Jour.Paleontology,","Jour.Paleontology,",39,5,786,787,, ,no result
9294,"Gould, S.J.",1969,An evolutionary microcosm: Pleistocene and recent history of the land snail <i>P</i>. (<i>Poecilozonites</i>) in Bermuda,Harvard Univ. Mus. Comp. Zoology Bull.,Harvard Univ. Mus. Comp. Zoology Bull.,138,7,471,,, ,no result
6164,"Meek, F.B.",1864,no article title available,"Geological Survey of CA,Paleo.,","Geological Survey of CA,Paleo.,",1,,46,,, ,no result
10407,[no agent data],,Invertebrate Paleontology Citations Placeholder Book,,,,,,,, ,no result
9365,"Turek, V.",2008,no article title available,Czech Bulletin of Geosciences,Czech Bulletin of Geosciences,83,2,145,,, ,no result
6570,"Phleger, F.B.",1937,New Lichadacea in the collections of the Museum of Comparative Zoology,Harvard Univ.Mus.Comp.Zoology Bull.,Harvard Univ.Mus.Comp.Zoology Bull.,80,11,416,417,, ,no result
7753,"Bjork, P., P. Goldberg and Kesling, R.",1968,no article title available,Michigan Univ.Mus.Paleontology Contr.,Michigan Univ.Mus.Paleontology Contr.,22,4,55,,, ,no result
5726,"Desor, E.",1858,no article title available,Synopsis des Echinides Fossiles,Synopsis des Echinides Fossiles,,,5,,, ,article,1858,"Desor, E","Synopsis des Echinides fossiles, C Reinwald edit., Texte et Atlas",2,490,1857,
1267,"Stephenson, L.W.",1936,"Geology and Paleontology of the Georges Bank Canyons, Part II. Upper Cretaceous Fossils from Georges Bank (Including Specimens from Banquereau, Nova Scotia)","Geol.Soc.Amer.Bull. 47,","Geol.Soc.Amer.Bull. 47,",3,3,383,,, ,no result
4862,"Clark,T.H.",1923,no article title available,Bost.Soc.Nat.Hist.Proc.,Bost.Soc.Nat.Hist.Proc.,36,8,482,483,, ,no result
5802,Landing,1988,no article title available,Jour.Paleontology,Jour.Paleontology,62,5,673,675,, ,no result
1838,"Raymond, P.E. and V.J. Okulitch",1940,Some Chazyan sponges,Harvard Univ.Mus.Comp.Zoology Bull.,Harvard Univ.Mus.Comp.Zoology Bull.,86,5,202,203,, ,no result
3363,"Parsley, R.L.",1990,no article title available,"Jour. Paleontology,","Jour. Paleontology,",64,2,282,6,, ,no result
4360,"Gahn, F.J. and Kammer, T.W.",2002,no article title available,Jour.Paleontology,Jour.Paleontology,76,1,123,1,, ,no result
4802,"Petuch, E.J.",1987,no article title available,Nautilus,Nautilus,101,4,201,204,, ,article,"A new Falsilyria (Volutidae) and a new Conus (Conidae) from Roatan Island, Honduras (Atlantic)","Petuch, EJ",Nautilus,94,115--118,1980,"TROPHON CORP 8911 ALTON PARKWAY, SILVER SPRING, MD 20910"
4464,"Shaw, F.C.",1995,"Ordovician Trinucleid Trilobites of the Prague Basin, Czech Republic","Jour.Paleontology Mem.40,","Jour.Paleontology Mem.40,",69,3,11,,, ,no result
1292,"Harris, R.W., C.E. Decker and Merritt,C.",1931,no article title available,Oklahoma Geol.Survey Bull.,Oklahoma Geol.Survey Bull.,55,55,88,89,, ,no result
1362,"Congreve, C.R. and Lieberman, B.S.",2010,no article title available,"JOUR.PALEONTOLOGY,","JOUR.PALEONTOLOGY,",84,1,128,,, ,no result
1300,"Stimpson, W.",1863,no article title available,Boston Soc.Nat.Hist.Jour.,Boston Soc.Nat.Hist.Jour.,7,4,583,589,, ,no result
1439,"Walcott, C.D.",1912,no article title available,Smithsonian Misc.Colln.,Smithsonian Misc.Colln.,57,9,252,270,, ,no result
1345,"Allmon, W.D.",2005,no article title available,Jour. Paleontology,Jour. Paleontology,79,6,1234,,, ,no result
1743,"Muir-Wood, H. and Cooper, G.A.",1960,"Morphology, Classification and Life Habits of the Productoidea (Brachiopoda)",G.S.A. Memoir 81,G.S.A. Memoir 81,,,362,5,, ,no result
1756,"Packard, A.S.",1900,no article title available,Proc.Amer.Acad.Arts and Sci.,Proc.Amer.Acad.Arts and Sci.,36,1,3,,, ,no result
2682,"Woodward, H.B.",1863,no article title available,Geol.Soc.London Quart.Journal,Geol.Soc.London Quart.Journal,19,19,318,,, ,no result
4099,"Rogers, W.B. and Rogers, H.B.",1839,no article title available,Am.Philos.Soc.Trans.,Am.Philos.Soc.Trans.,6,14,,,, ,no result
4102,"Hoare, R.D.",2002,no article title available,Jour.Paleontology,Jour.Paleontology,76,1,95,1,, ,no result
4330,"Vaughan, T.W.",1900,no article title available,U.S.Geol.Survey Mon.,U.S.Geol.Survey Mon.,39,,178,179,, ,no result
1192,"Jones, T.R.",1858,Notes on the Palaeozoic Bivalved Entomostraca No. IV. Some North American species,"Annals and Mag.Nat.Hist. ser.3,","Annals and Mag.Nat.Hist. ser.3,",1,4,251,,, ,no result
2624,"Foerste, A.F.",1888,no article title available,Denison Univ.Bull,Denison Univ.Bull,3,,120,,, ,no result
1859,"Bodenbender, B.E.",1996,no article title available,"Jour. Paleontology,","Jour. Paleontology,",70,3,469,,, ,no result
2800,William More Gabb,1869,Cretaceous and Tertiary Fossils,"Geological Survey of CA: Paleontology,","Geological Survey of CA: Paleontology,",2,,139,40,, ,no result
9132,"Croneis, C.",1926,New Cephalopods from the Fayetteville shale ,Harvard Univ.Mus.Comp.Zoology Bull.,Harvard Univ.Mus.Comp.Zoology Bull.,67,10,347,,, ,no result
6363,"Foerste, A.F. and Savage, T.F.",1927,no article title available,Denison Univ.Sci.Lab.Jour.,Denison Univ.Sci.Lab.Jour.,22,1,85,,, ,no result
6901,"Boucot, A.J.",1963,no article title available,Palaeontology,Palaeontology,5,4,685,,, ,article,The Eospiriferidae,"Boucot, AJ",Palaeontology,5,682--711,1963,
6452,"Resser, C.E.",1935,no article title available,Smithsonian Misc.Colln.,Smithsonian Misc.Colln.,93,5,19,,, ,no result
7893,"Bowen, Z.P.",1966,"Boucotella, a new Silurian rhynchonelloid brachiopod genus","J. of Paleontology,","J. of Paleontology,",40,1,186,188,, ,no result
7944,"Walcott, C.D.",1910,no article title available,Smithsonian Misc.Colln.,Smithsonian Misc.Colln.,53,6,284,,, ,no result
9221,"Klipstein, A.",1843,no article title available,Beitrage zur Geologischen kenntniss der ostlichen Alpen,Beitrage zur Geologischen kenntniss der ostlichen,,,121,,, ,no result
1213,"Oliver, W. A. Jr.",1958,no article title available,Jour.Paleontology,Jour.Paleontology,32,5,822,823,, ,no result
2038,"Raymond, P.E.",1922,no article title available,Am.Jour.Sci.,Am.Jour.Sci.,4,,461,464,, ,no result
2043,"Olsson, A.",1912,no article title available,Amer.Jour.Sci.,Amer.Jour.Sci.,33,197,442,443,, ,no result
3238,"Miller, S.A. and C.B. Dyer",1878,no article title available,"Contributions to Palaeontology,","Contributions to Palaeontology,",2,2,9,,, ,no result
5864,"Gould, S.J. and Robinson, B.",1994,no article title available,"Paleobiology,","Paleobiology,",20,3,374,,, ,no result
1284,"Raymond, P.E.",1937,no article title available,Geol.Soc.Amer.Bull,Geol.Soc.Amer.Bull,48,8,1128,,, ,no result
14522,"Kummel, B.",1963,Miscellaneous nautilid type species of Alpheus Hyatt,,,,,,,, ,book,"Stratigraphy and paleontology of the Permian-Triassic boundary beds, Salt Range and trans-Indus ranges, West Pakistan","Kummel, Bernhard and Teichert, Curt",,,,1970,University Press of Kansas
3124,"DeMott, L.L.",1987,Platteville and Decorah trilobites from Illinois and Wisconsin,Minnesota Geol.Survey Report of Invest. 35,Minnesota Geol.Survey Report of Invest. 35,,,72,73,, ,no result
1293,"Harris, R.W.",1957,no article title available,Oklahoma Geol.Survey Bull.,Oklahoma Geol.Survey Bull.,75,75,152,,, ,no result
6047,"Kjellesvig-Waering, E.N.",1964,no article title available,"J. of Paleontology,","J. of Paleontology,",38,2,355,,, ,no result
3295,"Sprinkle, J.T. and R.C. Gutschick",1967,no article title available,Jour.Paleontology,Jour.Paleontology,41,2,390,398,, ,no result
2366,"Erben, H.K.",1967,no article title available,Neus Jahrb.Geologie U.Palaontologie Abh.,Neus Jahrb.Geologie U.Palaontologie Abh.,129,1,19,20,, ,no result
3554,"Raymond, P.E.",1928,no article title available,Am.Jour.Sci.,Am.Jour.Sci.,5,,311,312,, ,no result
1168,"Bowsher, A.L.",1955,Echinodermata,"Kansas Univ.Paleont.Contr.Articles: Echinodermata,Art.1",Kansas Univ.Paleont.Contr.Articles: Echinodermata,,,12,,, ,no result
882,"Thomas, R.D.",1976,no article title available,Paleobiology,Paleobiology,2,1,67,,, ,no result
897,"Hauser, J.",2001,no article title available,Neubeschreibung mitteldevonischer Eifel-Crinoiden aus der Sammlung Schultze,Neubeschreibung mitteldevonischer Eifel-Crinoiden,,,53,,, ,no result
3967,T.T. Bouvé,1851,no article title available,Proc.Boston Soc.Nat.Hist.,Proc.Boston Soc.Nat.Hist.,4,,3,,, ,no result
1767,"Okulitch, V.J.",1943,no article title available,Geol.Soc.Amer.Spec.Paper,Geol.Soc.Amer.Spec.Paper,48,48,74,75,, ,no result
3243,"Foerste, A.F.",1924,no article title available,Denison Univ.Sci.Lab.Jour.,Denison Univ.Sci.Lab.Jour.,20,10,228,231,, ,no result
5475,"Silberling, N.J. and Nichols, K.M.",1982,no article title available,U.S.Geol.Survey Prof.Paper 1207,U.S.Geol.Survey Prof.Paper 1207,,,42,43,, ,no result
1078,"Whittington, H.B.",1957,no article title available,Jour.Paleontology,Jour.Paleontology,31,5,937,,, ,no result
4101,"Runnegar, B.",1972,no article title available,Malacological Soc.London. Proc.,Malacological Soc.London. Proc.,40,1,55,,, ,no result
1200,"Shaw, A.B.",1955,no article title available,Jour.Paleontology,Jour.Paleontology,29,5,777,,, ,no result
2614,"Whittington, H.B.",1952,A unique remopleuridid trilobite,Harvard Univ.Mus.Comp.Zoology Breviora,Harvard Univ.Mus.Comp.Zoology Breviora,4,,3,9,, ,no result
1421,"DeKoninck, L.G.",1878,no article title available,Faune de Calcaire Carbon. de la Belgique,Faune de Calcaire Carbon. de la Belgique,,,105,6,, ,no result
2656,"Schram, F., Feldmann, R.M. and Copeland",1978,no article title available,Jour.Paleontology,Jour.Paleontology,52,6,1376,,, ,no result
2674,"Meyer, H.von",1862,no article title available,Palaeontographica,Palaeontographica,10,,153,154,, ,article,Reptilien aus dem Stubensandstein des oberen Keupers,"von Meyer, Hermann",Palaeontographica (1846-1933),7,253--300,1861,Schweizerbart'sche Verlagsbuchhandlung
2726,"Cisne, J.L.",1967,no article title available,Jour. Paleontology,Jour. Paleontology,41,5,1270,,, ,no result
1942,"Macurda, D.B.",1968,no article title available,Jour.Paleontology Suppl.,Jour.Paleontology Suppl.,2,2,115,,, ,no result
1958,"Phillips, J.",1835,no article title available,"Illustrations of the Geology of Yorkshire, Part 1","Illustrations of the Geology of Yorkshire, Part 1",,,115,117,, ,no result
8020,"Briggs, D.E.",1978,no article title available,"Philos. Trans.,","Philos. Trans.,",281,984,,,, ,no result
14436,Raymond P.E.,1946,The genera of fossil <i>Conchostraca</i> - an order of bivalved Crustacea,,,,,,,, ,book,The genera of fossil Conchostraca-an order of bivalved Crustacea,"Raymond, Percy Edward",,,,1946,Harvard College
8192,"Kobayashi, T.",1943,no article title available,Tokyo Imperial Acad. Proc.,Tokyo Imperial Acad. Proc.,19,,38,,, ,no result
6188,"Whittington, H.B.",1961,no article title available,Jour.Paleontology,Jour.Paleontology,35,5,916,,, ,no result
6324,"Flower, R.H.",1975,no article title available,"Bulls.Am.Paleontology,","Bulls.Am.Paleontology,",67,287,162,164,, ,no result
6962,"Kummel, B.",1965,no article title available,"New Zealand Journal of Geology+Geophysics,","New Zealand Journal of Geology+Geophysics,",8,3,538,,, ,article,"Lower Triassic ammonoids from western Southland, New Zealand","Kummel, Bernhard",New Zealand journal of geology and geophysics,2,428--447,1959,Taylor \& Francis
9288,"Lane, P.D.",2002,no article title available,Palaeontology Spec. Paper,Palaeontology Spec. Paper,67,,158,4,, ,no result
7968,William More Gabb,1860,no article title available,Jour.Acad.Nat.Sci.(2),Jour.Acad.Nat.Sci.(2),4,,395,,, ,no result
5732,"Agassiz, L. and Desor, E.",1847,no article title available,Cat. Raisonne de la Classe des Echinodermes,Cat. Raisonne de la Classe des Echinodermes,,,35,,, ,no result
5799,"Agassiz, A.E. and L.F. de Pourtales",1874,"Illustrated Catalogue of the Museum of Comparative Zoology. No. VIII. Zoological Results of the Hassler Expedition. I. Echini, crinoids, and corals.",Harvard Univ.Mus.Comp.Zoology Mem.,Harvard Univ.Mus.Comp.Zoology Mem.,4,8,13,,, ,no result
4655,Joachim Barrande,1865,no article title available,"Systeme Silurien du Centre de la Boheme,v.II 1865 and v.II,pt.I, 1867","Systeme Silurien du Centre de la Boheme,v.II 1865",,,93,94,, ,no result
4789,"Newton, H.",1880,no article title available,Report on the Geology and Resources of the Black Hills of Dakota,Report on the Geology and Resources of the Black ,,,440,,, ,no result
3357,"Oliver, W. A. Jr., W. J. Sando, S. D. Cairns, A. G. Coates, F.M. Bayer, J. E. Sorauf and W. A. Oliver Jr.",1984,"<i>Conchopeltis</i>: Its Affinities and Significance in Recent Advances <i>in</i> the Paleobiology and Geology of the Cnidaria. <i>Proceedings of the Fourth International Symposium on Fossil Cnidaria held in Washington, DC, U.S.A., August, 1983</i>",Palaeontographica Americana,Palaeontographica Americana,54,54,141,,, ,no result
2262,"Whittington, H.B.",1968,no article title available,Jour.Paleontology,Jour.Paleontology,42,3,708,,, ,no result
2181,"Moore, R.C., ed.",1960,no article title available,Treatise on Invertebrate Paleontology,Treatise on Invertebrate Paleontology,,,,,, ,no result
863,"Gould, S.J. and Woodruff, D.S.",1986,no article title available,Am. Mus. Nat. History Bull.,Am. Mus. Nat. History Bull.,182,4,482,483,, ,no result
1348,"Shaw, F.C.",1968,no article title available,New York State Mus. and Sci. Service Mem. 17,New York State Mus. and Sci. Service Mem. 17,,,31,32,, ,no result
1147,"Wachsmuth, C. and Frank Springer",1897,The North American Crinoidea camerata. Volume II.,Harvard Univ.Mus.Comp.Zoology Mem.,Harvard Univ.Mus.Comp.Zoology Mem.,21,,674,,, ,no result
1759,"Scudder, S. H.",1882,no article title available,Boston Soc.Nat.Hist.Mem.,Boston Soc.Nat.Hist.Mem.,3,5,160,7,, ,no result
1778,"Dawson, J.W.",1868,no article title available,Acadian Geology 2nd ed.,Acadian Geology 2nd ed.,,,496,,, ,no result
3119,"Foord, A.H.",1900,"The Carboniferous Cephalopoda of Ireland, Part 3",Palaeontological Soc. London Mon.,Palaeontological Soc. London Mon.,54,,99,100,, ,no result
1080,"Raymond, P.E.",1914,Notes on the ontogeny of <i>Isolelus gigas</i> Dekay,Harvard Univ.Mus.Comp.Zoology Bull.,Harvard Univ.Mus.Comp.Zoology Bull.,58,5,260,261,, ,no result
4146,"Flower, R.H.",1968,no article title available,"New Mexico Bur.Mines and Mineral Resources Mem.19,Part II",New Mexico Bur.Mines and Mineral Resources Mem.19,,,42,7,, ,no result
4192,"Hoare, R.D.",2002,no article title available,Jour.Paleontology,Jour.Paleontology,76,3,570,1,, ,no result
4334,"Blake, D.B. and Guensburg, T.E.",1993,no article title available,Jour. Paleontology,Jour. Paleontology,67,1,111,112,, ,no result
3716,"Fletcher, T.P. and Theokritoff, G.",2008,no article title available,Northeastern Geo. Env. Sci.,Northeastern Geo. Env. Sci.,30,4,312,,, ,no result
1282,"Walcott, C.D.",1884,Description of New Species of Fossils from the Trenton Group of New York.,New York State Mus.Nat.Hist. 35th Ann.Rept.,New York State Mus.Nat.Hist. 35th Ann.Rept.,,,213,,, ,no result
2814,"Okulitch, V.J. and Albritton, C.C.",1937,no article title available,Jour.Paleontology,Jour.Paleontology,11,1,24,,, ,no result
4664,"Clench, W.J. and C.G. Aguayo y Castro",1939,no article title available,Mem.Soc.Cubana de Hist.Nat.,Mem.Soc.Cubana de Hist.Nat.,13,5,357,358,, ,no result
4669,"Raymond, P.E.",1924,no article title available,Fourteenth Biennial Rpt. Vermont State Geol.,Fourteenth Biennial Rpt. Vermont State Geol.,,,1,5,, ,no result
4718,"Clark, T.H.",1922,no article title available,Am.Jour.Sci.,Am.Jour.Sci.,4,21,245,248,, ,no result
8327,"Martens, T.",1986,"Zur Taxonomie und Biostratigraphie der Conchostraca (Phyllopoda, Crustacea) des Oberkarbon und Perm der USA. Teil 2","Abh.Ber.Mus.Nat.Gotha,Nr.13","Abh.Ber.Mus.Nat.Gotha,Nr.13",,,56,,, ,no result
7178,"Ross, J.P.",1967,no article title available,Jour.Paleontology,Jour.Paleontology,41,3,641,644,, ,no result
6746,"Hyatt, A.",1900,no article title available,"Cephalopoda, Zittle-Eastman Textbook Palaeontology","Cephalopoda, Zittle-Eastman Textbook Palaeontolog",,,526,,, ,no result
6869,"Baumiller, T. K. and Macurda, Jr., D.B.",1995,no article title available,"J. of Paleontology,","J. of Paleontology,",69,6,1084,86,, ,no result
8957,"Meek, F.B. and A.H. Worthen",1866,no article title available,Illinois Geo.Survey Rept.,Illinois Geo.Survey Rept.,2,,238,,, ,no result
8840,"Holloway, D. J.",2007,"The trilobite Protostygina and the composition of the Styginidae, with two new genera.",Palaeont.  Zeitschr.,Palaeont.  Zeitschr.,81,1,7,,, ,no result
9346,"Gould, S.J.",1971,no article title available,Jour. Paleontology,Jour. Paleontology,45,3,417,,, ,no result
9482,"Grabau, A. W.",1899,no article title available,"Buffalo Soc.Nat.Sci.Bull,","Buffalo Soc.Nat.Sci.Bull,",6,2,124,,, ,no result
1025,"Meek, F.B. and A.H. Worthen",1869,no article title available,Acad.Nat.Sci.Philadelphia Proc.,Acad.Nat.Sci.Philadelphia Proc.,,,139,,, ,no result
1893,"Billings, M. and Cleaves, A.",1934,no article title available,Am.Jour.Sci.,Am.Jour.Sci.,28,5,422,,, ,no result
4753,"Shimer, H.W. and Blodgett, M.E.",1908,no article title available,Am.Jour.Sci.,Am.Jour.Sci.,25,,64,65,, ,no result
5883,"Ludvigsen, R.",1977,no article title available,Jour.Paleontology,Jour.Paleontology,51,5,965,966,, ,no result
2471,"Raymond, P.E.",1916,"New and old Silurian trilobites from southeastern Wisconsin, with notes on the genera of the lllaenidae",Harvard Univ.Mus.Comp.Zoology Bull,Harvard Univ.Mus.Comp.Zoology Bull,60,1,27,,, ,no result
2142,"Matsumoto, T.",1959,no article title available,"Mem. of the Faculty of Science, Kysushu Univ.,Series D: Geology, Spec. Vol. I","Mem. of the Faculty of Science, Kysushu Univ.,Ser",,,47,52,, ,no result
2317,"Shaw, A.B.",1962,no article title available,Jour.Paleontology,Jour.Paleontology,36,2,315,,, ,no result
1100,"Cooper, B.N.",1953,Trilobites from the Lower Champlainian Formations of the Appalachian Valley,Geol.Soc.Amer.Mem. 55,Geol.Soc.Amer.Mem. 55,,,21,,, ,no result
3797,"Buckman, S.S.",1898,no article title available,"Ammonites of the Inferior Oolite Series, pt.10,supp.","Ammonites of the Inferior Oolite Series, pt.10,su",,,19,6,, ,no result
5015,"Kier, P.M.",1984,no article title available,Smithsonian Contr.Paleobiology,Smithsonian Contr.Paleobiology,55,55,68,10,, ,no result
1494,"Briggs, D.E.",1976,no article title available,"Canada Geol. Survey Bull.,","Canada Geol. Survey Bull.,",264,264,6,6,, ,no result
5168,"Ludvigsen, R.",1986,no article title available,Jour. Paleontology,Jour. Paleontology,60,,64,1,, ,no result
3969,"Hall, J.",1859,no article title available,Iowa Geol.Survey Rept.Suppl.to,Iowa Geol.Survey Rept.Suppl.to,1,,83,,, ,no result
1757,"Scudder, S. H.",1890,no article title available,Boston Soc.Nat.Hist.Mem.,Boston Soc.Nat.Hist.Mem.,4,9,435,436,, ,no result
3141,"Whittington, H.B.",1953,no article title available,Jour.Paleontology,Jour.Paleontology,27,5,654,,, ,no result
3253,"Whittard, W.F.",1955,"The Ordovician trilobites of the Shelve Inlier, West Shropshire, Part I",Palaeontographical Soc.London,Palaeontographical Soc.London,109,,10,,, ,no result
5591,"Hitchcock, E.",1858,no article title available,Ichnology of New England,Ichnology of New England,,,163,,, ,no result
5605,"Kindle, C.H. and H.B. Whittington",1965,New Cambrian and Ordovician Fossil Localities In Western Newfoundland,Geol. Soc. Amer. Bull.,Geol. Soc. Amer. Bull.,76,6,686,,, ,no result
1118,"Springer, F.",1911,Some new American fossil crinoids.,Harvard Univ.Mus.Comp.Zoology Mem.,Harvard Univ.Mus.Comp.Zoology Mem.,25,3,151,,, ,no result
1122,"DeKoninck, L. and LeHon, H.",1854,no article title available,Recherches Crinoides Carb.de Belgique,Recherches Crinoides Carb.de Belgique,,,82,,, ,no result
4093,"Newell, N.D. and Boyd, D.W.",1970,no article title available,Am.Mus.Nat.History Bull.,Am.Mus.Nat.History Bull.,143,4,253,,, ,no result
4270,"Rogers, W.B. and H.D. Rogers",1839,"Contributions to the geology of the tertiary formations of Virginia.--Second Series--Continued: Being a description of several species of Meiocene and Eocene shells, not before described","Am.Philos.Soc.Trans.,Ser.2","Am.Philos.Soc.Trans.,Ser.2",6,,372,,, ,no result
4315,"Smith, J.T.",1991,no article title available,U.S. Geol.Survey Prof.Paper,U.S. Geol.Survey Prof.Paper,1391,1391,75,,, ,no result
4327,"Oliver, W.A.",1975,no article title available,U.S.Geol.Survey Prof. Paper 743-D,U.S.Geol.Survey Prof. Paper 743-D,,,,4,, ,no result
2684,"Haynes, W.P.",1916,"The fauna of the Upper Devonian in Montana. Part 2. The stratigraphy of the Brachiopoda
",Carnegie Mus.Annals,Carnegie Mus.Annals,10,,36,38,, ,no result
2617,"Foerste, A.F.",1886,no article title available,Geo.Nat.Hist.Survey Minnesota 15th Annual Report,Geo.Nat.Hist.Survey Minnesota 15th Annual Report,,,480,,, ,no result
2621,"Raymond, P.E.",1924,no article title available,Proc.Boston Soc.Nat.Hist.,Proc.Boston Soc.Nat.Hist.,37,4,,,, ,no result
2639,"Schevill, W.E.",1950,no article title available,"J. of Paleontology,","J. of Paleontology,",24,1,99,101,, ,no result
5677,"Johnson, J.G.",1966,no article title available,Paleontology,Paleontology,9,,365,,, ,article,"On some atrypoid, retzioid, and athyridoid Brachiopoda","Boucot, AJ and Johnson, JG and Staton, RD",Journal of Paleontology,,805--822,1964,JSTOR
2708,"Raymond, P.E.",1921,no article title available,"Canada Geol.Survey,Mus.Bull.","Canada Geol.Survey,Mus.Bull.",31,31,14,,, ,no result
4672,"Vaughan, W.T. and T.W. Vaughn",1899,The geology and physical geography of Jamaica: a study of a type of Antillean development,Harvard Univ.Mus.Comp.Zool.Bull.,Harvard Univ.Mus.Comp.Zool.Bull.,34,2,236,237,, ,no result
1489,"Thomas, R.D.",1975,no article title available,Paleontology,Paleontology,18,,218,5,, ,article,Society Records and Activities,"Dutro Jr, J Thomas and Lundelius Jr, Ernest L and Olson, Everett C and Hickey, Leo J and Doyle, James A and Sweet, Walter C and Bergstr{\""o",Journal of Paleontology,,695--708,1981,Society of Economic Paleontologists and Mineralogists and the Paleontological Society
7548,"Butterfield, N.J.",1990,no article title available,"Paleobiology,","Paleobiology,",16,3,278,,, ,article,Organic preservation of non-mineralizing organisms and the taphonomy of the Burgess Shale,"Butterfield, Nicholas J",Paleobiology,,272--286,1990,JSTOR
7418,"Kier, P.M.",1958,no article title available,Smithsonian Misc.Colln.,Smithsonian Misc.Colln.,135,9,11,,, ,no result
6659,"Jackson, R.T.",1922,no article title available,Carnegie Inst.Washington Pub.,Carnegie Inst.Washington Pub.,306,306,,,, ,no result
7546,"Conway Morris, S. et al",1982,no article title available,Atlas of the Burgess Shale,Atlas of the Burgess Shale,,,27,,, ,no result
7280,"Clark, H.L.",1923,Two new genera of sea urchins,Harvard Univ.Mus.Comp.Zoology Bull.,Harvard Univ.Mus.Comp.Zoology Bull.,65,10,346,348,, ,no result
7303,"Rudkin, D.M. and Tripp, R.P.",1989,no article title available,Royal Ontario Mus.Life Sci.Contr. 152,Royal Ontario Mus.Life Sci.Contr. 152,,,5,1,, ,no result
7165,"Phleger, F.B.",1936,no article title available,Southern California Acad.Sci.Bull.,Southern California Acad.Sci.Bull.,35,,82,,, ,no result
8093,"Haugh, B.N.",1975,no article title available,"Paleobiology,","Paleobiology,",1,3,261,272,, ,article,Nervous systems of Mississippian camerate crinoids,"Haugh, Bruce N",Paleobiology,,261--272,1975,JSTOR
8150,"Briggs, D.E.",1992,no article title available,"Acta Zoologica,","Acta Zoologica,",73,,296,,, ,no result
9252,"Thomas, R.D.",1976,no article title available,Jour. Paleontology,Jour. Paleontology,50,,488,,, ,no result
11267,"Miller, S.A.",1875,Some Remarks on Plumulites jamesi of Hall and Whitfield.,,,,,,,, ,book,"The American Palaeozoic fossils: a catalogue of the genera and species, with names of authors, dates, places of publication, groups of rocks in which found, and the etymology and signification of the words, and an introduction devoted to the stratigraphical geology of the Palaeozoic rocks","Miller, Samuel Almond",,,,1877,The author
2852,"Jackson, R.T.",1912,"Phylogeny of the Echini, with a Revision of Palaeozoic Species",Boston Soc.Nat.Hist.Mem.,Boston Soc.Nat.Hist.Mem.,7,,456,,, ,no result
1959,"D'Orbigny, A.",1854,no article title available,"Paleontologie Francaise,","Paleontologie Francaise,",6,,250,9,, ,article,Bryozoaires,"ORBIGNY, ACVD dâ€™",Paleontologie Francaise,5,1--1192,1849,
4866,"Miller, S.A.",1875,no article title available,Cincinnati Quart.Jour.Sci.,Cincinnati Quart.Jour.Sci.,2,1,13,,, ,article,Notes and Descriptions of Cincinnati Group Fossils,"Miller, SA",Cincinnati Quart. Jour. Sci,1,,1874,
5040,"Kier, P.M.",1967,no article title available,Smithsonian Misc.Colln.,Smithsonian Misc.Colln.,152,2,63,,, ,no result
2143,"Anderson, F.M.",1958,Upper Cretaceous of the Pacific Coast,GSA Memoir 71,GSA Memoir 71,,,226,,, ,no result
3642,"Katz, S.G.",1978,no article title available,Jour. Paleontology,Jour. Paleontology,52,3,681,,, ,no result
3837,"Walcott, C.D.",1884,no article title available,New York State Mus.Ann.Rept.,New York State Mus.Ann.Rept.,35,35,212,,, ,no result
1156,"Hall, J.",1861,no article title available,Boston Soc.Nat.Hist.Jour.,Boston Soc.Nat.Hist.Jour.,7,2,271,,, ,no result
3917,"Kummel, B.",1961,The Spitsbergen arctoceratids,"Bull. of the MCZ,","Bull. of the MCZ,",123,9,511,512,, ,no result
4816,"Petuch, E.J.",1988,no article title available,Field Guide to the Ecphoras,Field Guide to the Ecphoras,,,67,,, ,no result
874,"Rudwick, M.J.S.",1964,no article title available,Palaeontology,Palaeontology,7,,135,,, ,article,The function of zig-zag deflections in the commissures of fossil brachiopods,"Rudwick, MJS",Palaeontology,7,135--171,1964,
4996,"Kobayashi, T.",1937,no article title available,Japanese Jour.Geology and Geography,Japanese Jour.Geology and Geography,14,3,177,,, ,no result
3558,"Whittington, H.B.",1966,"The Ordovician Trilobites of the Bala Area, Merioneth",Paleontographical Soc.London Mono. Part III,Paleontographical Soc.London Mono. Part III,120,,72,74,, ,no result
14533,"Rolfe, W.D.I.",1963,"Catalogue of type specimens in the invertebrate paleontological collections of the Museum of Comparative Zoology Arthropoda (Trilobita, Arachnida and Insecta excluded)",,,,,,,, ,article,Phyllocarida,"Rolfe, WDI","Treatise on invertebrate paleontology, Part R, Arthropoda",4,R296--R331,1969,
1735,"Whittington, H.B.",1941,no article title available,Jour. Paleontology,Jour. Paleontology,15,5,502,,, ,no result
1860,"Hall, J.",1861,no article title available,Iowa Geol.Survey Bull.,Iowa Geol.Survey Bull.,,,1,,, ,no result
1435,"Shaw, A.B.",1953,no article title available,Jour.Paleontology,Jour.Paleontology,27,1,141,,, ,no result
5474,"Hyatt, A. and Smith, J.P.",1905,Triassic Cephalopod Genera of America,U.S.Geol.Survey Prof.Paper #40 Triassic Cephalopod Genera of America,U.S.Geol.Survey Prof.Paper #40 Triassic Cephalopo,,,87,267,, ,no result
1084,"Whittington, H.B.",1965,"Trilobites of the Ordovician Table Head formation, western Newfoundland",Harvard Univ.Mus.Comp.Zoology Bull.,Harvard Univ.Mus.Comp.Zoology Bull.,132,4,326,,, ,no result
4157,"Shimer, H.W.",1907,no article title available,Am.Jour.Sci.,Am.Jour.Sci.,23,135,199,200,, ,no result
2582,"Brooks, H.K.",1962,no article title available,Bulls.Am.Paleontology,Bulls.Am.Paleontology,44,202,177,,, ,no result
2625,"Rasetti, F.",1954,no article title available,Jour.Paleontology,Jour.Paleontology,28,5,583,,, ,no result
3338,"Butterfield, N.J.",2002,no article title available,Paleobiology,Paleobiology,28,1,165,,, ,article,Plankton ecology and the Proterozoic-Phanerozoic transition,"Butterfield, Nicholas J",Paleobiology,,247--262,1997,JSTOR
5727,"Agassiz, L.",1840,no article title available,Soc.Sci.Nat. Helvetica Mem.,Soc.Sci.Nat. Helvetica Mem.,3,2,58,,, ,no result
5739,"Desor, E.",1842,no article title available,"Echinites, Monographie des Galerites","Echinites, Monographie des Galerites",,,22,7,, ,no result
6339,"Foerste, A.F.",1928,no article title available,Denison Univ.Sci.Lab.Jour.,Denison Univ.Sci.Lab.Jour.,23,7,250,252,, ,no result
6405,"Whittington, H.B.",1961,no article title available,Natural History Mag.,Natural History Mag.,70,7,12,,, ,no result
7541,"Conway Morris, S.",1977,no article title available,"Palaeontology,","Palaeontology,",20,,624,25,, ,article,The community structure of the Middle Cambrian phyllopod bed(Burgess Shale).,"Morris, S Conway",Palaeontology,29,423--467,1986,
7568,"Conway Morris, S. and Peel, J.S.",1995,no article title available,Royal Soc. London Philos. Trans.,Royal Soc. London Philos. Trans.,347,1321,334,,, ,no result
7176,"Ulrich, E.O.",1878,no article title available,Cincinnati Soc.Nat.Hist.Jour.,Cincinnati Soc.Nat.Hist.Jour.,1,2,90,,, ,no result
7947,"Lieberman, B.S.",2001,no article title available,Jour. Paleontology,Jour. Paleontology,75,1,111,,, ,no result
6176,"Shaw, A.B.",1952,no article title available,Jour.Paleontology,Jour.Paleontology,26,3,478,,, ,no result
6308,"Stewart, R.",1930,Gabb's California Cretaceous and Tertiary Type Lamellibranchs,"Acad. Nat. Sciences Phila.,Special Publication,","Acad. Nat. Sciences Phila.,Special Publication,",3,3,174,5,, ,no result
7256,"Ormiston, A.R.",1982,no article title available,Jour.Paleontology,Jour.Paleontology,56,5,1259,9,, ,no result
7046,"Buckman, S.S.",1890,no article title available,"Ammonites of the Inferior Oolite Series,pt.4","Ammonites of the Inferior Oolite Series,pt.4",,,211,212,, ,no result
8901,"Bronn, H.G.",1832,no article title available,"Neues Jahrbuch fur Mineralogie,Geognosie,Geologie und Petrefakten-Kunde (NEU5230.a)","Neues Jahrbuch fur Mineralogie,Geognosie,Geologie",,,163,4,, ,no result
4867,"Hyatt, A.",1889,no article title available,Smithsonian Contr.Knowledge,Smithsonian Contr.Knowledge,26,673,153,30,, ,no result
5096,"Schopf, K. and Morris, P.",1994,no article title available,Jour.Paleontology,Jour.Paleontology,68,1,48,,, ,no result
894,"Schultze, L.",1866,no article title available,Monogr.Echin.Eifler Kalkes,Monogr.Echin.Eifler Kalkes,,,66,,, ,no result
2148,"Kobayashi, T.",1935,no article title available,"Jour.Faculty Sci.Imp.Univ.Tokyo sec II,","Jour.Faculty Sci.Imp.Univ.Tokyo sec II,",4,,134,136,, ,no result
2153,"Kummel, B.",1960,"Middle Triassic nautiloids from Sinai, Egypt and Israel",Harvard Univ.Mus.Comp.Zoology Bull.,Harvard Univ.Mus.Comp.Zoology Bull.,123,7,291,292,, ,no result
3382,"Walcott, C.D.",1916,no article title available,"Smithsonian Misc. Collections,","Smithsonian Misc. Collections,",64,3,179,,, ,no result
4363,"Clark, H.L.",1937,no article title available,Jour.Paleontology,Jour.Paleontology,11,3,248,249,, ,no result
4836,"Malinky, J.M.",1988,no article title available,Jour.Paleontology,Jour.Paleontology,62,2,230,2,, ,no result
2339,"Gass,K. et al.",1992,no article title available,Jour. Paleontology,Jour. Paleontology,66,1,82,,, ,no result
2341,"Gass, K.",1999,no article title available,Jour.Paleontology,Jour.Paleontology,75,5,977,978,, ,no result
888,"Bodenbender, B.E.",1995,no article title available,Michigan Univ. Mus. Paleontology Contr.,Michigan Univ. Mus. Paleontology Contr.,29,9,205,,, ,no result
2727,"Clark, T.H.",1924,no article title available,Bulls.Am.Paleontology,Bulls.Am.Paleontology,10,41,5,,, ,no result
909,"Walcott, C.D.",1921,no article title available,Smithsonian Misc.Colln.,Smithsonian Misc.Colln.,67,7,398,,, ,no result
5138,"Rasetti, F.",1944,no article title available,Jour.Paleontology,Jour.Paleontology,18,3,234,,, ,no result
1683,"White, C.A.",1862,no article title available,Boston Soc.Nat.Hist. Proc.,Boston Soc.Nat.Hist. Proc.,9,,8,,, ,inproceedings,Observations on the genus Belemnocrinus,"White, CA",,10,180,1865,
3088,"Kennedy, W.J., R.A. Reyment, N. MacLeod and Kreiger",2009,Species discrimination in the ammonite genus <i>Knemiceras</i> Bohm,"PALAEONTOGRAPHICA,","PALAEONTOGRAPHICA,",290,,7,,, ,no result
995,Frank Springer,1920,no article title available,"The Crinoidea Flexibilia, Smithsonian Inst.pub.2501","The Crinoidea Flexibilia, Smithsonian Inst.pub.25",,,453,,, ,no result
5599,"Faul, H.",1949,no article title available,Nature,Nature,164,4157,32,,, ,article,Fossil burrows from the Precambrian Ajibik Quartzite of Michigan,"Faul, HENRY",Nature,164,32,1949,
1079,"Raymond, P.E.",1914,"Notes on the ontogeny of <i>Paradoxides</i>, with the description of a new species from Braintree, Mass.",Harvard Univ.Mus.Comp.Zoology Bull,Harvard Univ.Mus.Comp.Zoology Bull,58,4,229,,, ,no result
1091,"Holliday, S.",1942,no article title available,Jour. Paleontology,Jour. Paleontology,16,4,473,,, ,no result
1184,"Hall, J.",1858,no article title available,Iowa Geol.Survey Rept.,Iowa Geol.Survey Rept.,1,,621,,, ,no result
4253,"Whittard, W.F.",1958,"The Ordovician Trilobites of the Shelve Inlier, West Shropshire, Part 3",Palaeontographical Soc.London Mono.Part III,Palaeontographical Soc.London Mono.Part III,,,104,108,, ,no result
4324,"Okulitch, V.J.",1936,no article title available,Royal Soc.Canada Trans. 3rd ser.,Royal Soc.Canada Trans. 3rd ser.,30,,65,67,, ,no result
5644,"Haynes, W.P.",1913,no article title available,Science,Science,37,944,10,,, ,article,"Discovery of Bivalve Crustacea in the Coal Measures Near Pawtucket, RI","Haynes, Winthrop P",Science,,191--192,1913,JSTOR
2489,"Whittington, H.B.",1957,no article title available,Biological Reviews,Biological Reviews,32,4,437,,, ,article,The ontogeny of trilobites,"Whittington, Harry Blackmore",Biological Reviews,32,421--467,1957,Wiley Online Library
5664,"Sutherl, , P.K. and Harlow, F.H.",1973,no article title available,New Mexico Bur.Mines and Mineral Resources Mem. 27,New Mexico Bur.Mines and Mineral Resources Mem. 2,,,82,84,, ,no result
1424,"Miller A.K. and Kemp, A.H.",1947,no article title available,Jour. Paleontology,Jour. Paleontology,21,4,351,,, ,no result
2672,"Meyer, H.von",1847,no article title available,Palaeontographica,Palaeontographica,1,,141,144,, ,article,Ctenochasma roemeri,"von Meyer, Hermann",Palaeontographica (1846-1933),2,82--84,1851,Schweizerbart'sche Verlagsbuchhandlung
4631,"Stewart, R.",1927,no article title available,"Proc. Acad. Nat. Sciences Phila.,","Proc. Acad. Nat. Sciences Phila.,",78,,343,,, ,no result
4653,"Meek, F.B.",1872,no article title available,Proc.Acad.Nat.Sci. Philadelphia 1871,Proc.Acad.Nat.Sci. Philadelphia 1871,,,330,331,, ,no result
1891,"Billings, M. and Cleaves, A.",1935,no article title available,Am.Jour.Sci.,Am.Jour.Sci.,30,,531,532,, ,no result
14249,Raymond P.E.,1935,Leanchoilia and other mid-Cambarian arthropoda,,,,,,,, ,book,Some trilobites of the lower Middle Ordovician of eastern North America,"Raymond, Percy Edward",,,,1925,Museum
7144,"Schuchert, C.",1915,no article title available,U.S.Natl.Mus.Bull.,U.S.Natl.Mus.Bull.,88,88,272,,, ,no result
7157,"Briggs, D.E. and W.D.I. Rolfe",1983,no article title available,Palaeontology Spec.Paper,Palaeontology Spec.Paper,30,30,268,,, ,no result
9224,"Copper, P.",1996,no article title available,"Jour. Paleontology,","Jour. Paleontology,",70,,595,,, ,no result
9283,"Brower, J.C.",2006,no article title available,Jour. Paleontology,Jour. Paleontology,80,3,432,433,, ,no result
6395,"Runnegar, B.",1974,no article title available,Am.Mus.Novitates,Am.Mus.Novitates,2533,2533,7,9,, ,no result
7252,"Billings, E.",1859,no article title available,"Canadian Jour. n.s.,","Canadian Jour. n.s.,",4,20,119,,, ,no result
8233,"Kummel, B.",1960,no article title available,"J. of Paleontology,","J. of Paleontology,",34,4,692,3,, ,no result
9443,"Budil, P., Thomas, A.T. and Horbinger,F.",2008,no article title available,"Bull.Geosci.Czech Geol.Survey,","Bull.Geosci.Czech Geol.Survey,",83,1,6,,, ,no result
7077,"Galloway, J.J. and Kaska, H.V.",1957,Genus Pentremites and its Species,GSA Memoir 69,GSA Memoir 69,,,47,48,, ,no result
6866,"Rigby, J.K.",1967,no article title available,"J. of Paleontology,","J. of Paleontology,",41,2,511,514,, ,no result
8962,"Miller, S.A.",1879,no article title available,Cincinnati Soc.Nat.Hist.Jour.,Cincinnati Soc.Nat.Hist.Jour.,2,2,109,,, ,no result
7971,"Furnish, W.M. and Glenister, B.F.",1964,no article title available,"Treatise on Invertebrate Paleontology,pt.K,","Treatise on Invertebrate Paleontology,pt.K,",3,3,,,, ,no result
9281,"Hudson, G.H.",1917,no article title available,New York State Mus. Bull.,New York State Mus. Bull.,,,162,,, ,no result
8700,"Brower, J.C.",1965,no article title available,"Jour.Paleontology,","Jour.Paleontology,",41,3,675,676,, ,no result
1496,"Davis, W.J.",1887,no article title available,Kentucky Geol.Survey Mon. pt.2,Kentucky Geol.Survey Mon. pt.2,,,,,, ,no result
1276,"Geinitz, H.B.",1866,no article title available,Nova Acta K.Leop.Car.Deutsch Akad,Nova Acta K.Leop.Car.Deutsch Akad,33,,2,,, ,no result
3355,"Brookes, J.B.",1937,no article title available,Jour.Paleontology,Jour.Paleontology,11,3,186,,, ,no result
4357,"D'Orbigny, A.D.",1840,no article title available,Hist.Nat.des Crinoides,Hist.Nat.des Crinoides,,,74,,, ,no result
1110,"Shaw, A.B.",1950,no article title available,Jour.Paleontology,Jour.Paleontology,24,5,579,,, ,no result
2283,"Young, K.",1966,Texas Mojsisovicziinae (Ammonoidea) and the Zonation of the Fredericksburg,GSA Memoir 100,GSA Memoir 100,,,88,9,, ,no result
2343,"Rasetti,F. and Theokritof, G.",1967,no article title available,Jour. Paleontology,Jour. Paleontology,41,1,194,3,, ,no result
2641,"Bradley, J.H.",1925,no article title available,Canadian Field Naturalist,Canadian Field Naturalist,39,1,8,,, ,no result
2365,"Whittington, H.B.",1956,Silicified Middle Ordovician trilobites: The Odontopleuridae,Harvard Univ.Mus.Comp.Zoology Bull,Harvard Univ.Mus.Comp.Zoology Bull,114,5,279,282,, ,no result
5142,"Ludvigsen, R., et al",1989,no article title available,Palaeontographica Canadiana,Palaeontographica Canadiana,6,6,12,13,, ,no result
3086,"Hyatt, A.",1903,no article title available,"Monographs of the USGS,","Monographs of the USGS,",44,,146,9,, ,no result
4082,"Cisne, J.L.",1981,"Triarthrus eatoni (Trilobita): Anatomy of its exoskeletal, skeletomuscular, and digestive systems",Palaeontographica Americana,Palaeontographica Americana,9,53,101,,, ,no result
4135,"Smith, M.",1937,no article title available,"Nautilus,","Nautilus,",51,3,89,,, ,article,New recent and fossil mollusks from Florida,"Smith, M",The Nautilus,54,44--46,1940,
2595,"Walcott, C.D.",1912,no article title available,U.S.Geol.Survey Mon.,U.S.Geol.Survey Mon.,51,,645,,, ,no result
3723,"Clark, T.H.",1923,no article title available,Boston Soc. Nat. Hist. Proc.,Boston Soc. Nat. Hist. Proc.,36,8,478,1,, ,no result
1277,"Lalicker, C.G.",1935,no article title available,Jour.Paleontology,Jour.Paleontology,9,8,744,745,, ,no result
2870,"Berry, W.B.N.",1960,no article title available,Univ.Texas Pub.6005,Univ.Texas Pub.6005,,,,,, ,no result
2873,"Kirk, E.",1942,no article title available,Jour.Paleontology,Jour.Paleontology,16,3,383,,, ,no result
6654,"Cutress, B.M.",1980,no article title available,Bulls.Am.Paleontology,Bulls.Am.Paleontology,77,309,116,120,, ,no result
7322,"Whittington, H.B.",1949,no article title available,Am.Jour.Sci.,Am.Jour.Sci.,247,,278,,, ,no result
6154,"Smith, J.P.",1903,no article title available,"Monographs of the USGS,","Monographs of the USGS,",42,,126,7,, ,no result
6862,"Whittington, H.B.",1997,no article title available,Jour. Paleontology,Jour. Paleontology,71,5,891,,, ,no result
8933,"Kummel, B.",1970,no article title available,Univ of KS:Dept of Geology:Special Pub 4,Univ of KS:Dept of Geology:Special Pub 4,,,185,89,, ,no result
8947,"Goldfuss, G.A.",1833,no article title available,"Petrefacta Germaniae,","Petrefacta Germaniae,",1,,181,,, ,article,1840,"Goldfuss, GA",Petrefacta Germaniae: Arus and Company,,,1833,
8949,"Goldfuss, G.A.",1838,no article title available,Nova.Act.Ac.Leop.,Nova.Act.Ac.Leop.,19,,343,,, ,no result
9038,"Wood, E.",1901,no article title available,Am.Jour.Sci.,Am.Jour.Sci.,12,,297,,, ,no result
7757,"Hudson, H.G.",1916,no article title available,New York State Mus. Bull.,New York State Mus. Bull.,,,121,6,, ,no result
8697,"Gordon, C.M.",1991,no article title available,Jour.Geol.Soc.Jamaica,Jour.Geol.Soc.Jamaica,28,,39,,, ,no result
4695,"Shaw, F. C.",2000,no article title available,Bulletin Czech Geol. Survey,Bulletin Czech Geol. Survey,4,4,381,,, ,no result
5873,"Evitt, W.R.",1953,no article title available,Jour.Paleontology,Jour.Paleontology,27,1,35,,, ,no result
5882,"Barton, D.C.",1913,"A new genus of the Cheiruridae, with descriptions of some new species",Harvard Univ.Mus.Comp.Zoology Bull.,Harvard Univ.Mus.Comp.Zoology Bull.,54,21,550,551,, ,no result
1823,"Whittington, H.B.",1956,no article title available,Jour. Paleontology,Jour. Paleontology,30,1,106,107,, ,no result
2151,"Campbell, K.S.W.",1967,Trilobites of the Henryhouse Formation (Silurian) in Oklahoma,Oklahoma Geol.Survey Bull 115,Oklahoma Geol.Survey Bull 115,,,41,42,, ,no result
3552,"Cushman, J.A.",1905,no article title available,Am.Naturalist,Am.Naturalist,39,462,383,,, ,no result
1407,"Shaw, A.B.",1957,no article title available,Jour.Paleontology,Jour.Paleontology,31,4,786,,, ,no result
6048,"Kjellesvig-Waering, E.N.",1948,no article title available,"Illinois Scientific Papers,","Illinois Scientific Papers,",3,4,24,27,, ,no result
873,"Hall, J.",1859,Contributions to the Palaeontology of New York,"Twelfth Ann.Rpt. N.Y.State Cab.Nat.Hist.,","Twelfth Ann.Rpt. N.Y.State Cab.Nat.Hist.,",186,186,56,57,, ,no result
1331,"Allmon, W.D.",1996,"Systematics and evolution of Cenozoic American Turritellidae (Mollusca: Gastropoda) I: Paleocene and Eocene Coastal Plain Species related to ""Turritella mortoni conrad"" and ""Turritella humerosa conrad""","Palaeontographica Americana,","Palaeontographica Americana,",59,59,118,,, ,article,Evolution and systematics of Cenozoic American Turritellidae (Gastropoda). I. Paleocene and Eocene species related to â€œTurritella mortoni Conradâ€ and â€œTurritella humerosa Conradâ€ from the US Gulf and Atlantic Coastal Plains,"Allmon, WD",Palaeontographica Americana,59,1--134,1996,
5261,"Meek, F.B. and A.H. Worthen",1868,no article title available,Acad.Nat.Sci.Philadelphia Proc.,Acad.Nat.Sci.Philadelphia Proc.,,,353,,, ,no result
14155,Raymond P.E.,1931,"Notes on invertebrate fossils, with descriptions of new species",,,,,,,, ,book,Some trilobites of the lower Middle Ordovician of eastern North America,"Raymond, Percy Edward",,,,1925,Museum
1414,"Lochman, C.",1938,no article title available,"Jour.Paleontology,","Jour.Paleontology,",12,5,474,,, ,no result
3111,"Hyatt, A.",1891,no article title available,Geological Survey of Texas (1890),Geological Survey of Texas (1890),,,337,339,, ,no result
1422,"Miller, A.K. and Youngquist, W.",1949,American Permian Nautiloids,Geol. Soc. Amer. Mem. 41,Geol. Soc. Amer. Mem. 41,,,34,36,, ,no result
4158,"Walcott, C.D.",1890,no article title available,U.S.Geol.Survey Annual Rept.,U.S.Geol.Survey Annual Rept.,10,10,603,604,, ,no result
2581,"Stose, G.W.",1894,no article title available,Proc.Boston Soc.Nat.Hist.,Proc.Boston Soc.Nat.Hist.,26,,369,371,, ,no result
2623,"Woodward, H.",1870,no article title available,Quart.Journal Geol.Soc.London,Quart.Journal Geol.Soc.London,26,,486,488,, ,no result
14534,"Whittington, H.B.",1963,"Middle Ordovician trilobites from Lower Head, western Newfoundland",,,,,,,, ,article,Ordovician geography and faunal provinces deduced from trilobite distribution,"Whittington, Harry Blackmore and Hughes, Christopher Paul",Philosophical Transactions of the Royal Society B: Biological Sciences,263,235--278,1972,The Royal Society
3732,"Raymond, P.E.",1913,no article title available,Ottawa Naturalist,Ottawa Naturalist,27,27,102,,, ,article,On the genera of the Eodiscidae,"Raymond, PE",Ottawa Naturalist,27,101--106,1913,
2668,"Cleaves, A.B.",1935,"Middle Devonian Branchiopod from Perry County, Pennsylvania",Jour.Paleontology,Jour.Paleontology,9,1,6,,, ,no result
2709,"Foerste, A.F.",1920,no article title available,Denison Univ.Sci.Lab.Bull.,Denison Univ.Sci.Lab.Bull.,19,,196,,, ,no result
2714,"House, M.R.",1965,no article title available,"Philo. Trans. Royal Soc. London,","Philo. Trans. Royal Soc. London,",250,763,115,117,, ,no result
2733,"Macurda, D.B.",1965,no article title available,Jour.Paleontology,Jour.Paleontology,39,6,1215,,, ,no result
2740,"Walcott, C.D.",1916,no article title available,Smithsonian Misc.Colln.,Smithsonian Misc.Colln.,64,5,351,352,, ,no result
1897,"Boucot, A. and Thompson, Jr., A.",1963,no article title available,Geol.Soc.Amer.Bull,Geol.Soc.Amer.Bull,74,,1321,2,, ,no result
6394,"Mcalester, A.L.",1965,no article title available,Palaeontology,Palaeontology,8,,242,,, ,article,"Systematics, affinities and life habits of Babinka, a transitional Ordovician lucinoid bivalve","McAlester, AL",Palaeontology,8,231--246,1965,
7427,"Agassiz, L.",1840,no article title available,Catalogus Systematicus Ectyporum Echinodermatum Fossilum Musei Neocomensis,Catalogus Systematicus Ectyporum Echinodermatum F,,,2,,, ,no result
6107,"Smith, J.P.",1914,Mid Triassic Marine Inv. Fauna of N. America,U.S.Geol.Survey Prof.Paper #83 Mid Triassic Marine Inv. Fauna of N. America,U.S.Geol.Survey Prof.Paper #83 Mid Triassic Marin,,,136,137,, ,no result
8255,"Hyatt, A.",1875,no article title available,"Proc. Boston Soc. Nat. Hist, v.XVII","Proc. Boston Soc. Nat. Hist, v.XVII",,,370,,, ,no result
7884,"Kummel, B. and S. Sakagami",1960,"Mid-Scythian ammonites from Iwai formation, Japan","Breviora,","Breviora,",126,126,9,10,, ,no result
6478,"Baas, D.E. Briggs, van Heemst, A. Kear and J. de Leeuw",1995,no article title available,"Geochimica et Cosmochimica Acta,","Geochimica et Cosmochimica Acta,",59,5,948,,, ,no result
7756,"Raymond, P.E.",1912,no article title available,"Ottawa Naturalist,","Ottawa Naturalist,",26,26,105,,, ,article,On the genera of the Eodiscidae,"Raymond, PE",Ottawa Naturalist,27,101--106,1913,
9466,"Waller, T.R. and Stanley, G.D.",2005,no article title available,"Jour. Paleontology,","Jour. Paleontology,",1,1,23,24,, ,no result
2042,"Cooper, G.A.",1931,no article title available,Jour.Paleontology,Jour.Paleontology,5,2,129,131,, ,no result
4635,Joachim Barrande,1877,no article title available,Systeme Silurien du Centre de la Boheme Suppleme,Systeme Silurien du Centre de la Boheme Suppleme,,,116,117,, ,no result
862,"Gould, S.J.",1984,no article title available,Paleobiology,Paleobiology,10,2,193,194,, ,article,Exaptation-a missing term in the science of form,"Gould, Stephen Jay and Vrba, Elisabeth S",Paleobiology,,4--15,1982,JSTOR
4762,"Brower, J.C.",2007,no article title available,Jour. Paleontology,Jour. Paleontology,6,6,1286,,, ,no result
4869,"Miller, S.A.",1880,no article title available,Cincinnati Soc.Nat.Hist.Jour.,Cincinnati Soc.Nat.Hist.Jour.,2,4,218,,, ,no result
1883,"Jackson, R.T.",1929,no article title available,Belgique Mus.Royal Nat.Hist.Mem.,Belgique Mus.Royal Nat.Hist.Mem.,38,38,56,67,, ,no result
3383,"Resser, C.E.",1935,no article title available,"Smithsonian Misc. Collections,","Smithsonian Misc. Collections,",93,5,19,,, ,no result
4475,"Shaw, F.C. and Lesperance, P.J.",1994,no article title available,"Jour.Paleontology,","Jour.Paleontology,",68,4,812,813,, ,no result
4000,"Kummel, B. and Erben, H.K.",1968,no article title available,"Palaeontographica,","Palaeontographica,",129,,126,,, ,no result
1221,"Teichert, C., B. Kummel and W. Sweet",1973,"Permian-Triassic strata, Kuh-E-Ali Bashi, northwestern Iran","Bull. of the MCZ,","Bull. of the MCZ,",145,8,408,9,, ,no result
2180,"Young, J.A.,Jr.",1942,no article title available,"Journal of Paleontology,","Journal of Paleontology,",16,1,123,,, ,article,Pennsylvanian scaphopoda and cephalopoda from New Mexico,"Young Jr, John A",Journal of Paleontology,,120--125,1942,JSTOR
2257,"Whittington, H.B.",0,no article title available,Jour. Paleontology,Jour. Paleontology,35,3,438,439,, ,no result
2329,"Cloud, P.E.",1942,Terebratuloid Brachiopoda of the Silurian and Devonian,Geol.Soc.Amer.Spec.Paper 38 Geol.Soc.Amer.Spec.Paper 38,Geol.Soc.Amer.Spec.Paper 38 Geol.Soc.Amer.Spec.Pa,,,111,8,, ,no result
4899,"Clark, W.B. and Twitchell, M.W.",1915,no article title available,U.S.Geol.Survey Mon.,U.S.Geol.Survey Mon.,54,,,,, ,no result
866,"Clark, T.H.",1935,no article title available,Jour. Paleontology,Jour. Paleontology,9,,241,,, ,no result
878,"Foerste, A.F.",1925,no article title available,Denison Univ.Sci.Lab.Jour.,Denison Univ.Sci.Lab.Jour.,21,1,55,,, ,no result
2683,William More Gabb,1869,Descriptions of some secondary fossils from the Pacific states,"Amer.Jour.Conchology,","Amer.Jour.Conchology,",5,1,7,8,, ,no result
3267,"Walcott, C.D.",1886,no article title available,U.S.Geol.Survey Bull,U.S.Geol.Survey Bull,4,30,211,213,, ,no result
1138,"Brower, J.C.",1987,no article title available,Jour.Paleontology,Jour.Paleontology,61,5,1001,,, ,no result
2580,"Rolfe, W.D.I.",1962,A new phyllocarid crustacean from the Upper Devonian of Ohio,Breviora,Breviora,151,151,4,6,Museum of Comparative Zoology, ,article,A new phyllocarid crustacean from the Upper Devonian of Ohio,"Rolfe, WD Ian",Breviora,151,1--7,1962,
2626,"Whittington, H.B.",1962,The Ordovician Trilobites of the Bala Area Merioneth. Part 1,Palaeontographical Soc.London Mono.,Palaeontographical Soc.London Mono.,116,,7,9,, ,no result
5655,"Schuchert, C. and Cooper, G.A.",1932,no article title available,Yale Univ.Peaody Mus.Nat.Hist.Mem.,Yale Univ.Peaody Mus.Nat.Hist.Mem.,4,,75,,, ,no result
2694,"Shimer, H.W.",1906,no article title available,Am.Naturalist,Am.Naturalist,40,470,97,,, ,no result
2729,"Macurda, D.B.",1977,no article title available,Jour.Paleontology,Jour.Paleontology,51,6,1207,,, ,no result
2741,"Whittington, H.B.",1965,no article title available,Jour. Paleontology,Jour. Paleontology,39,3,490,491,, ,no result
3339,"Orr, P.J., Briggs, D.E. and Kearns,S.L.",1998,no article title available,Science,Science,,,1174,,, ,no result
4633,"Miller, S.A.",1875,"Class Cephalopoda (Cuvier), as represented in the Cincinnati Group.",Cincinnati Quart.Jour.Sci.,Cincinnati Quart.Jour.Sci.,2,2,125,,, ,no result
4647,"Westermann, G.E.G.",1985,no article title available,Palaontologische Zeitschrift,Palaontologische Zeitschrift,59,,88,,, ,no result
5689,"Clark, T.H.",1920,no article title available,Am.Jour.Sci.,Am.Jour.Sci.,50,,69,71,, ,no result
7120,"Welby, C.W.",1961,no article title available,Jour.Paleontology,Jour.Paleontology,35,2,392,,, ,no result
6684,"Fletcher, T.P., Theokritoff, G., Lord and Zeoli",2005,no article title available,"Jour. Paleontology,","Jour. Paleontology,",,,321,322,, ,no result
8945,"Vadet, A.",2007,Echinides fossiles du Boulonnais: Du Bajocien au Tithonien. <i>Les Irreguliers</i>,Annales de la Societe d'Histoire Naturalle du Boulonnais T.5 F.2,Annales de la Societe d'Histoire Naturalle du Bou,,,187,,, ,no result
6366,"Foerste, A.F.",1930,no article title available,Denison Univ.Sci.Lab.Jour.,Denison Univ.Sci.Lab.Jour.,25,1,17,18,, ,no result
6361,"Foerste, A.F.",1926,no article title available,Denison Univ.Sci.Lab.Jour.,Denison Univ.Sci.Lab.Jour.,21,5,361,,, ,no result
7264,"Clark, H.L.",1945,"Geology of Lau, Fiji - Echinoidea",Bernice P. Bishop Mus.Bull.181,Bernice P. Bishop Mus.Bull.181,,,313,314,, ,no result
8598,"von Heyden, C",1862,"Gliedertiere aus der Braunkohle des. Niederrhein's, der Wetterau und der. Rohn",Palaeontographica,Palaeontographica,10,,62,63,, ,article,"K{\""a","Heyden, C von and Heyden, L von",Palaeontographica (1846-1933),,131--156,1866,Schweizerbart'sche Verlagsbuchhandlung
6162,"House, M.R.",1967,no article title available,"J. of Paleontology,","J. of Paleontology,",36,2,278,9,, ,no result
8950,"Lyon, S.",1861,no article title available,Acad.Nat.Sci.Philadelphia Proc.,Acad.Nat.Sci.Philadelphia Proc.,13,,412,,, ,no result
8963,"Whittington, H.B.",1954,<i>Onnia </i>(Trilobita) from Venezuela,Harvard Univ.Mus.Comp.Zoology Breviora,Harvard Univ.Mus.Comp.Zoology Breviora,38,38,2,4,, ,no result
9033,"White, C.",1863,no article title available,Boston Soc.Nat.Hist.Jour.,Boston Soc.Nat.Hist.Jour.,7,4,505,,, ,no result
9034,"White, C.",1862,no article title available,Boston Soc.Nat.Hist.Jour.,Boston Soc.Nat.Hist.Jour.,9,,15,,, ,no result
8796,"Moore, R.C.",1978,no article title available,Treatise on Invert. Paleo. Part T,Treatise on Invert. Paleo. Part T,,,,,, ,no result
9408,"Dana, J. D.",1849,no article title available,Geology. United States Exploring Expedition,Geology. United States Exploring Expedition,10,,690,,, ,no result
